(代)替	?	instead of; to replace	我替你去吧。
(大)象	?	elephant	动物园里有大象。
(象)棋	?	Chinese chess	爷爷喜欢下象棋。
(躲)藏	v	to hide	孩子躲藏在门后。
一	num	one	我有一个孩子。
一下	?	a little; once (after a verb)	请看一下。
一丝不苟	?	meticulous; very careful	她工作一丝不苟。
一举两得	v	to achieve two things at once	骑车上班既锻炼又省钱，一举两得。
一些	?	some; a few	我买了一些水果。
一会儿	?	a while; a moment	请等一会儿。
一共	?	altogether; in total	一共有十个人。
一再	?	repeatedly	我一再提醒他。
一切	?	everything; all	一切都很好。
一半	num	half	我吃了一半。
一向	adv	always; consistently	他一向很守时。
一块儿	adv	together	我们一块儿去吧。
一如既往	?	as always; as before	他一如既往地支持我。
一定	adv	certainly; must	我一定会来。
一帆风顺	?	smooth sailing; everything goes well	人生不可能总是一帆风顺。
一度	?	once; for a time	这家店一度很受欢迎。
一律	?	all; without exception	这里一律不能停车。
一旦	?	once; if	一旦决定，就别放弃。
一样	part	same; alike	我们两个一样高。
一流	?	first-rate; top-class	这里的服务是一流的。
一点儿	?	a little; a bit	我想喝一点儿水。
一目了然	?	clear at a glance	这张表让结果一目了然。
一直	?	continuously; straight	一直往前走。
一致	?	consistent; unanimous	大家的意见一致。
一般	adv	generally; ordinary	我一般八点上班。
一贯	?	consistently; always	他一贯认真工作。
一起	adv	together	我们一起去北京。
一辈子	?	all one's life	我一辈子都记得。
一边	?	one side; while doing	我一边吃饭，一边看电视。
一齐	adv	together; simultaneously	大家一齐出发。
丁	?	fourth; Ding	甲乙丙丁代表四个部分。
七	num	seven	我七点起床。
万	num	ten thousand	这个房子五十万。
万一	num	in case; if by any chance	万一下雨怎么办？
万分	?	extremely; very	我对此万分感谢。
丈夫	?	husband	她丈夫是医生。
三	num	three	我家有三口人。
上	?	on; above; up	书在桌子上。
上任	v	to take office; assume a post	新经理今天上任。
上午	?	morning	上午我学习汉语。
上去	v	to go up	你先上去吧。
上周	?	last week	上周我很忙。
上学	v	to go to school	孩子去上学。
上当	v	to be deceived	我差点儿上当了。
上来	v	to come up	请上来。
上班	v	to go to work; be at work	我八点上班。
上瘾	v	to become addicted	他玩游戏玩上瘾了。
上网	v	to go online	我晚上上网。
上课	v	to attend class	我们上午上课。
上进	?	self-motivated; ambitious	她很上进，学习一直很努力。
上面	?	on; above; top	书在桌子上面。
下	v	to fall (rain/snow)	下雨
下午	?	afternoon	下午我去商店。
下去	v	to go down	请下去。
下属	?	subordinate; staff member	经理正在和下属谈话。
下来	v	to come down	请下来。
下班	v	to finish work	六点下班
下课	?	class ends; finish class	几点下课
下载	v	to download	我已经下载了文件。
下降	v	to decline; drop	气温下降了。
下雨	v	to rain	今天下雨了。
下面	?	below; under	狗在椅子下面。
不	?	not; no	我不是老师。
不久	adv	soon; before long	他不久就回来了。
不仅	?	not only	他不仅聪明，而且认真。
不但	?	not only	他不但会说中文，还会说英文。
不但……而且……	?	not only…but also…	他不但聪明，而且努力。
不像话	?	unreasonable; outrageous	这样对同事太不像话了。
不免	?	inevitably; cannot avoid	第一次上台不免紧张。
不到	?	less than; not reach	走路不到十分钟。
不可思议	?	unbelievable; incredible	这个结果真不可思议。
不同	a	different	我们的想法不同。
不堪	?	unable to bear; unbearable	天气热得让人不堪忍受。
不够	?	not enough	时间不够。
不好意思	?	sorry; excuse me	不好意思，我来晚了
不如	v	to be inferior to; not as good as	这个办法不如那个好。
不妨	?	might as well; may as well	累了不妨休息一下。
不安	?	uneasy; disturbed	他很不安。
不客气	?	you're welcome	不客气。
不屑	v	to disdain; think not worth doing	他不屑解释这件小事。
不屑一顾	v	to disdain; not worth a glance	他对这种说法不屑一顾。
不得不	?	have to; must	我不得不加班。
不得了	?	extremely; terribly	疼得不得了。
不得已	?	as a last resort; have no choice	我不得已才改变计划。
不惜	?	not hesitate to; spare no	他不惜花时间帮助学生。
不愧	v	to be worthy of; indeed	他不愧是专家。
不择手段	?	by any means; unscrupulously	为了成功不能不择手段。
不敢当	?	you flatter me; I don't deserve the praise	您说我是专家，我可不敢当。
不料	?	unexpectedly; to one's surprise	我以为会下雨，不料天晴了。
不断	?	continuously	他不断进步。
不时	?	from time to time	他不时看看手机。
不止	?	more than; not only	这里不止有一个问题。
不然	?	otherwise; or else	快点儿，不然会迟到。
不用	?	need not; do not need to	你不用等我。
不由得	?	cannot help; involuntarily	我不由得笑了。
不相上下	?	equally matched; about the same	两队实力不相上下。
不禁	?	cannot help	看到美景，我不禁停下脚步。
不管	?	no matter	不管多忙，他都学习。
不耐烦	?	impatient	他很不耐烦。
不行	?	terribly; extremely	我累得不行了。
不要	?	do not; don't	不要担心。
不要紧	?	it doesn't matter	没关系，不要紧。
不见	?	be missing; disappear	我的手机不见了。
不见不散	?	don't leave until we meet; see you there	八点见，不见不散
不见得	?	not necessarily	贵的不见得好。
不言而喻	?	self-evident; obvious	健康的重要性不言而喻。
不足	?	insufficient; to be less than	时间不足。
不过	conj	but; however	这个很好，不过有点儿贵。
不错	?	not bad; pretty good	这个电影不错。
不顾	?	regardless of; not care about	他不顾大家的反对，坚持要去。
与	?	with; and	我与他一起工作。
与其	?	rather than	与其等，不如现在走。
与日俱增	v	to increase day by day	他的兴趣与日俱增。
丑(陋)	a	ugly	样子很丑陋。
专业	?	major; specialty; professional	他很专业。
专家	?	expert	他是一名专家。
专程	v	to make a special trip	我专程来看你。
专长	?	specialty; strength	他的专长是摄影。
专门	?	specially; specifically	我专门来找你。
专题	?	special topic; feature	电视台做了一个环保专题。
世代	?	generation after generation	这个家庭世代住在这里。
世界	?	world	世界很大。
世纪	?	century	现在是二十一世纪。
丘陵	?	hills; hilly area	这一带多丘陵。
丙	?	third; Bing	这篇文章分甲、乙、丙三部分。
业余	?	amateur; spare-time	我业余时间喜欢读书。
业务	?	business; professional work	我想了解业务。
丛	?	cluster; clump	花园里有一丛花。
东	?	east	银行在东边。
东张西望	v	to look around	他站在门口东张西望。
东方	?	east; the East	太阳从东方出来。
东西	?	thing; stuff	我去商店买东西。
东边	?	east side	超市在学校东边。
丝毫	?	in the slightest; at all	我丝毫不担心。
丝瓜	?	luffa; sponge gourd	院子里种了几棵丝瓜。
丢	v	to throw; lose	我的钥匙丢了。
丢三落四	?	forgetful; careless	他总是丢三落四。
丢人	?	embarrassing; lose face	别怕丢人，大胆说。
两	mw	two (before a measure word)	我有两个朋友。
严厉	?	strict; severe	老师对我们很严厉。
严密	?	tight; strict; thorough	包装得很严密。
严寒	?	severe cold	他们在严寒中继续前进。
严峻	a	serious; severe	形势越来越严峻。
严格	?	strict	老师很严格。
严禁	?	strictly prohibit	这里严禁吸烟。
严肃	a	serious; solemn	表情很严肃。
严重	a	serious	这个问题很严重。
丧失	v	to lose; forfeit	他暂时丧失了记忆。
个	mw	general measure word	我买一个杯子。
个人	?	individual; personal	我想了解个人。
个体	?	individual	每个个体都有差异。
个别	?	individual; exceptional	个别学生迟到了。
个子	?	height; stature	他个子很高。
个性	?	personality	我想了解个性。
中介	?	agent; intermediary	我去中介问房子。
中午	?	noon	中午我吃饭。
中国	?	China	我去中国。
中央	?	center; central	广场中央有一座雕塑。
中学	?	middle school	他在中学上学。
中学生	?	middle school student	她是中学生。
中心	?	center	我去过这个中心。
中意	v	to like; be satisfied with	我很中意这款手机。
中文	?	Chinese language	我在学中文。
中断	v	to interrupt; stop	比赛因大雨中断。
中旬	?	middle ten days of a month	我记得那个中旬。
中间	?	middle; between	他坐在我和小王中间。
中餐	?	Chinese meal; Chinese food	我喜欢吃中餐。
丰富	v	to enrich; rich	这里的生活很丰富。
丰收	?	bumper harvest; to have a good harvest	今年农民获得丰收。
串	mw	string; measure word	我买了一串葡萄。
临	?	just before; about to	临走前给我打电话。
临床	?	clinical	这种药正在进行临床试验。
临时	?	temporary	这是临时决定。
为	v	to become	水变为冰。
为了	prep	in order to; for	为了健康，我每天运动。
为什么	?	why	你为什么去北京？
为期	?	lasting for; for a period of	这是一个为期三天的活动。
为难	v	to make things difficult; embarrassed	别为难他了。
主人	?	master; owner; host	这家的主人很热情。
主任	?	director; person in charge	主任正在开会。
主办	v	to host; organize	学校主办这次比赛。
主动	?	active; on one's own initiative	他很主动。
主导	v	to lead; dominant	消费者将主导设计过程。
主席	?	chairperson	我想了解主席。
主张	v	to advocate; position	我主张先调查再决定。
主意	?	idea; plan	这是个好主意。
主持	v	to host; preside over; host	主持会议
主流	?	mainstream	这是目前的主流观点。
主管	?	person in charge; supervisor	我先问一下主管。
主要	a	main; mainly	我来中国主要是学习汉语。
主观	?	subjective	他很主观。
主题	?	theme	我想了解主题。
举	v	to raise; give (an example)	请举个例子。
举世瞩目	v	to attract worldwide attention	这场比赛举世瞩目。
举办	v	to hold; organize	学校举办了活动。
举动	?	action; behavior	他的举动让我很意外。
举行	v	to hold (an event)	比赛明天举行。
举足轻重	v	to play a decisive role	睡眠对健康举足轻重。
久	?	long time	好久不见。
久违	?	long-awaited; long-lost	这是久违的阳光。
义务	?	duty; obligation	我想了解义务。
之	?	linking particle	这是生活的一部分。
之后	?	after; afterwards	下班之后我回家。
之间	?	between; among	两个人之间有距离。
之际	?	at the time of; on the occasion of	毕业之际，大家互相祝福。
乌黑	?	jet-black; pitch-black	她有一头乌黑的头发。
乐意	?	willing; glad	我很乐意帮助你。
乐极生悲	?	extreme joy turns to sorrow	生活中有时会乐极生悲。
乐观	?	optimistic	他很乐观。
乐谱	?	music score	他正在看乐谱。
乐趣	?	pleasure; fun	学习语言有很多乐趣。
乒乓球	?	table tennis	我喜欢打乒乓球。
乖	?	well-behaved	他很乖。
乘	v	to ride; take (transport)	我们乘火车去上海。
乘坐	v	to take; ride (transport)	我每天乘坐地铁上班。
乘客	?	passenger	乘客很多。
乙	?	second; B	乙坐在甲旁边。
九	num	nine	我们九点上课。
也	adv	also; too	我也喜欢中国菜。
也许	adv	maybe; perhaps	他也许会来。
习俗	?	custom; tradition	每个地方都有自己的习俗。
习惯	?	habit; to be used to	我习惯早起。
乡镇	?	township; town	这个乡镇不大。
书	?	book	我看书。
书包	?	schoolbag	这是我的书包。
书店	?	bookstore	我去书店买书。
书柜	?	bookcase	书都在书柜里。
书籍	?	books; publications	图书馆里有很多书籍。
买	v	to buy	我想买一个杯子。
乱	?	messy; disorderly	房间有点儿乱。
了	part	particle indicating change/completion	她二十岁了。
了不起	?	amazing; remarkable	他很了不起。
了解	v	to understand; to know about	我想了解中国文化。
争先恐后	v	to rush to be first	孩子们争先恐后地回答。
争取	v	to strive for	我们要争取机会。
争夺	v	to compete for; fight over	两队在争夺冠军。
争气	v	to bring credit; make good	孩子很争气，考上了大学。
争端	?	dispute; conflict	双方正在解决争端。
争议	?	controversy; dispute	这个决定引起了争议。
争论	v	to argue; dispute	他们在争论这个问题。
事	?	thing; matter	有事
事业	?	career; undertaking	她很重视自己的事业。
事件	?	event; incident	警方正在调查这个事件。
事先	?	in advance	请事先告诉我。
事实	?	fact	我想了解事实。
事情	?	thing; matter	我有事情。
事故	?	accident	昨天发生了一起事故。
事物	?	thing; object	我想了解事物。
二	num	two	我有两个孩子。
二氧化碳	?	carbon dioxide	人呼吸会产生二氧化碳。
于	prep	from; out of; at	他出生于北京。
于是	conj	therefore; then	天开始下雨，于是我们回家了。
亏待	v	to treat unfairly	公司没有亏待员工。
亏损	?	loss; to suffer a loss	公司去年亏损很多。
云	?	cloud	天上有很多云。
互相	?	mutually; each other	我们互相帮助。
互联网	?	Internet	我每天使用互联网。
五	num	five	我五点下班。
井	?	well	村里有一口老井。
亚军	?	runner-up; second place	他获得了比赛亚军。
些	?	some; a few	我买这些水果。
交	v	to make (friends)	我喜欢交朋友。
交代	v	to explain; account for	请把事情交代清楚。
交叉	v	to cross; intersect	两条路在这里交叉。
交往	v	to associate; interact	我喜欢和不同的人交往。
交换	v	to exchange	我们交换了电话号码。
交易	?	transaction; to trade	这笔交易已经完成。
交流	v	to communicate; exchange	我们常常交流学习经验。
交通	?	traffic; transportation	这里交通很方便。
交际	?	social contact	我想了解交际。
亦	adv	also; too	这种方法亦可使用。
产业	?	industry	旅游是当地的重要产业。
产品	?	product	我想了解产品。
产生	v	to emerge; to arise	这个办法产生了效果。
享受	v	to enjoy	我很享受现在的生活。
京剧	?	Beijing opera	我喜欢看京剧。
亮	a	bright; to shine	天渐渐亮了。
亲切	a	warm; friendly	他很亲切。
亲密	?	close; intimate	他们是很亲密的朋友。
亲戚	?	relative	他是我的亲戚。
亲热	?	affectionate; intimate	孩子和妈妈很亲热。
亲爱	?	dear; beloved	亲爱的妈妈，生日快乐！
亲自	?	personally	我亲自去看看。
人	?	person; people	他是中国人。
人为	?	human-caused; artificial	这是人为错误。
人员	?	staff; personnel	我想了解人员。
人士	?	person; people in a field	很多专业人士参加了会议。
人家	pron	others; someone; they	人家已经告诉你了。
人工	?	manual labor; manpower; artificial	这项工作需要人工完成。
人性	?	human nature	这个故事让人思考人性。
人才	?	talented person	他是一名人才。
人格	?	character; personality; moral integrity	我们应该尊重每个人的人格。
人民	?	people	他是一名人民。
人物	?	figure; personage	我想了解人物。
人生	?	life	我想了解人生。
人类	?	humankind	我想了解人类。
人间	?	the human world; earth	这里美得像人间仙境。
亿	num	one hundred million	一亿人
什么	pron	what	你叫什么名字？
今后	?	from now on	今后我要多运动。
今天	?	today	今天星期三。
今年	?	this year	我今年二十岁。
介绍	v	to introduce	我介绍一下我的朋友。
仍旧	adv	still; as before	几年过去了，他仍旧住在这里。
仍然	adv	still; yet	他仍然在等。
从	prep	from	我从北京来。
从事	v	to engage in	他从事教育工作。
从前	?	formerly; in the past	从前这里没有地铁。
从容	?	calm; unhurried	他从容地回答问题。
从小	?	since childhood	我从小喜欢运动。
从来	adv	always; all along	我从来不迟到。
从此	?	from then on	从此他每天运动。
从而	?	thus; consequently	他每天练习，从而提高了水平。
仓促	?	hasty; hurried	时间太仓促了。
仓库	?	warehouse	货物都放在仓库里。
仔细	a	careful; carefully	请仔细看题。
他	pron	he; him	他是医生。
他们	pron	they (male/mixed)	他们都是学生。
付	v	to pay	付钱
付款	v	to pay	现在可以付款。
代价	?	cost; price to pay	成功有时需要付出代价。
代表	?	representative; to represent	代表公司
令	v	to make; cause	这个消息令我很高兴。
以	?	by means of; with	请以这个为标准。
以上	?	above; more than	十岁以上可以买这张票。
以为	v	to think; to assume	我以为你知道。
以便	?	so that; in order to	请提前准备，以便按时出发。
以免	?	so as to avoid	早点儿出门，以免迟到。
以前	?	before; formerly	我以前住在北京。
以及	?	as well as	我买了水果以及饮料。
以后	?	after; later; in the future	吃饭以后我看书。
以外	?	besides; outside of	除了中文以外，我还学英文。
以往	?	in the past; previously	今年比以往更忙。
以来	?	since; ever since	今年以来变化很大。
以致	?	so that; to such an extent that	他太忙，以致忘了吃饭。
仪器	?	instrument; device	这台仪器很精确。
仪式	?	ceremony; ritual	毕业仪式下午开始。
们	?	plural suffix for people	你们
件	mw	measure word for clothes/items	我买了一件衣服。
价值	?	value	我想了解价值。
价格	?	price	这个价格有点儿高。
价钱	?	price	这个房间价钱怎么样？
任	v	to let; allow; no matter	任他怎么说，我都不生气。
任何	?	any; whatever	任何问题都可以问我。
任务	?	task; mission	我已经完成任务了。
任性	?	willful; headstrong	孩子有时很任性。
任意	?	any; at will	你可以任意选择一个。
任重道远	?	a heavy responsibility and a long way to go	保护传统文化任重道远。
份	mw	measure word for jobs/documents	我找了一份工作。
仿佛	?	as if; to seem	这里仿佛是春天。
企业	?	enterprise; company	这是一家大企业。
企图	v	to attempt; intend	他企图逃走。
休假	v	to take a vacation; be on leave	他下周休假。
休息	v	to rest	我想休息。
休闲	v	to relax; leisure	周末我喜欢休闲一下。
众所周知	?	as everyone knows	众所周知，水对生命很重要。
优先	v	to give priority to; priority	老人可以优先上车。
优势	?	advantage	我想了解优势。
优异	?	excellent; outstanding	他取得了优异成绩。
优点	?	advantage; merit	他有很多优点。
优秀	?	excellent; outstanding	他很优秀。
优美	a	beautiful; graceful	这里的景色很优美。
优胜劣汰	?	survival of the fittest	市场竞争常常优胜劣汰。
优越	?	superior; advantageous	这里的自然条件很优越。
伙伴	?	partner	他是一名伙伴。
会	mv	can; know how to	我会说汉语。
会议	?	meeting; conference	下午有一个会议。
会议室	?	meeting room; conference room	我们在会议室开会。
伞	?	umbrella	下雨了，带伞吧。
传授	v	to teach; pass on	老师把经验传授给学生。
传真	?	fax; to fax	请把材料传真给我。
传统	?	tradition; traditional	传统文化
传记	?	biography	我正在看一位科学家的传记。
传说	?	legend	我想了解传说。
传达	v	to convey; communicate	请把这个消息传达给大家。
伤害	v	to harm; hurt	不要伤害别人。
伤心	a	sad	他很伤心。
伤脑筋	?	troublesome; cause a headache	这个问题真伤脑筋。
估计	v	to estimate; reckon	我估计他八点到。
伴侣	?	partner; companion	他们是多年的伴侣。
伴随	v	to accompany; go with	成长总会伴随变化。
伸	v	to stretch; extend	伸手
伺候	v	to wait on; serve	她在医院伺候老人。
似乎	?	seemingly	他似乎不太高兴。
似的	part	like; as if	他累得像跑了很远似的。
但	conj	but; yet	我想去，但今天很忙。
但是	conj	but; however	我想去，但是没有时间。
位	mw	polite measure word for people	那位老师姓王。
位于	v	to be located	学校位于市中心。
位置	?	position; location	我去过这个位置。
低	a	low	今天温度很低。
低于	?	lower than; below	今天气温低于十度。
低落	?	depressed; down	心情低落
住	v	to live; to stay	我住在北京。
住院	v	to be hospitalized	他住院了。
体会	v	to realize through experience; feeling	我慢慢体会到他的心情。
体温	?	body temperature	量体温
体现	v	to reflect; embody	这个故事体现了友谊。
体积	?	volume; size	这个箱子的体积很大。
体系	?	system; framework	学校建立了新的教学体系。
体育	?	physical education; sports	我喜欢体育。
体育馆	?	gymnasium; sports hall	我们去体育馆打球。
体谅	v	to understand; show consideration for	请体谅一下他的难处。
体贴	?	considerate	他很体贴。
体面	?	respectable; decent	他穿得很体面。
体验	v	to experience	我想体验当地生活。
何况	?	let alone; moreover	他都不会，何况我呢？
何必	?	why bother	何必这么着急？
作业	?	homework	我在做作业。
作为	v	to be; as	作为老师，他很认真。
作品	?	work of art or literature	这是他的最新作品。
作家	?	writer	他是作家。
作息	?	work and rest schedule	我的作息很规律。
作战	v	to fight a battle	士兵正在准备作战。
作文	?	composition; essay	我想了解作文。
作用	?	function; effect	这个办法有作用。
作者	?	author	他是作者。
作风	?	style; manner of work	他的工作作风很认真。
你	pron	you	你好。
你们	pron	you (plural)	你们好。
你好	?	hello	你好！
佩服	v	to admire	我很佩服他。
佳肴	?	delicious food; fine dish	桌上有很多佳肴。
使	v	to make; cause	运动使身体更健康。
使劲(儿)	v	to exert oneself	他使劲儿推门。
使命	?	mission; duty	教育是他的使命。
使用	v	to use	我会使用电脑。
侃侃而谈	v	to speak confidently and fluently	他在会上侃侃而谈。
例外	?	exception	这个规定没有例外。
例如	?	for example	我喜欢运动，例如游泳。
供不应求	?	demand exceeds supply	这种产品现在供不应求。
依托	v	to rely on; base on	项目依托大学开展研究。
依据	?	according to; basis	请依据事实判断。
依旧	adv	still; as before	多年过去，他依旧住在这里。
依然	adv	still; as before	下雨了，他依然出发了。
依赖	v	to rely on; depend on	不要过度依赖手机。
依靠	v	to rely on; depend on	我们不能总依靠别人。
侥幸	?	lucky by chance; to take chances	他侥幸通过了考试。
侦探	?	detective	他喜欢看侦探小说。
侧面	?	side; profile	我从侧面拍了一张照片。
侵犯	v	to violate; invade	不能侵犯别人的隐私。
便	adv	then; in that case	准备好了，我们便出发。
便于	v	to make convenient; be convenient for	这个设计便于携带。
便利	a	convenient	这里交通很便利。
便宜	a	cheap; inexpensive	这个很便宜。
促使	v	to prompt; spur	这件事促使他改变。
促进	v	to promote; accelerate	促进发展
俗话	?	common saying; proverb	俗话说，时间就是金钱。
保存	v	to keep; to save	保存文件
保守	?	conservative; keep secret	他的想法比较保守。
保密	v	to keep secret; confidential	这件事请你保密。
保护	v	to protect	我们要保护环境。
保留	v	to reserve; keep	保留意见
保管	v	to guarantee; keep	这家店的菜保管好吃。
保证	v	to guarantee	我们要保证质量。
保重	?	take care of yourself	你要好好保重身体。
保险	?	insurance	我想了解保险。
保障	v	to guarantee; safeguard	法律保障我们的权利。
信仰	?	belief; faith	我们要尊重不同信仰。
信号	?	signal	这里没有信号。
信封	?	envelope	信在信封里。
信心	?	confidence	我有信心。
信念	?	belief; conviction	他有坚定的信念。
信息	?	information	这是重要信息。
信用卡	?	credit card	我有一张信用卡。
信誉	?	reputation; creditworthiness	这家公司信誉很好。
信赖	v	to trust; rely on	大家都很信赖他。
俩	num	two; both	我们俩是同学。
修养	?	cultivation; manners; self-cultivation	他说话很有修养。
修复	v	to repair; restore	工人正在修复这座桥。
修建	v	to build; construct	这里正在修建一座桥。
修理	v	to repair	他在修理电脑。
倍	?	times; -fold	这个比那个贵一倍。
倒	?	actually; on the contrary	这个办法倒不错。
倒闭	v	to go bankrupt; close down	那家店已经倒闭了。
倒霉	?	unlucky	他很倒霉。
倘若	?	if; supposing	倘若有时间，我会去看看。
借	v	to borrow; to lend	我想借这本书。
借助	?	with the help of; to make use of	我借助词典读完了这篇文章。
借口	?	excuse; to use as an excuse	别拿忙当借口。
借鉴	v	to learn from; use for reference	我们可以借鉴别人的经验。
倡导	v	to advocate	学校倡导健康生活。
倡议	?	proposal; initiative	大家支持这个倡议。
值得	v	to be worth	这本书值得看。
倾向	v	to tend to; tendency	我更倾向于第二个方案。
倾听	v	to listen attentively	请认真倾听别人的意见。
假	?	fake; false	这个是假的。
假如	?	if; in case	假如下雨，我们就在家。
假期	?	holiday; vacation	这个假期
假设	v	to suppose; assume	我们先假设他会来。
偏偏	adv	just; contrary to expectation	我想早点儿走，偏偏下雨了。
偏僻	?	remote; out-of-the-way	这个村子很偏僻。
偏见	?	prejudice; bias	我们要减少对别人的偏见。
做	v	to do; to make; to cook	妈妈会做中国菜。
做主	v	to decide; be in charge	这件事你自己做主。
做事	v	to do things; work	他做事很认真。
做客	v	to be a guest	明天我去朋友家做客。
做法	?	way of doing something	这个做法很好。
做饭	v	to cook	会做饭
停	v	to stop	车停在门口。
停泊	v	to berth; anchor	船停泊在港口。
停顿	v	to pause; pause	他说到这里停顿了一下。
健全	?	sound; complete; healthy	我们需要健全的制度。
健康	a	healthy; health	运动让身体更健康。
健身	v	to work out	他正在健身。
偶像	?	idol; role model	他是很多年轻人的偶像。
偶尔	?	occasionally	我偶尔喝咖啡。
偶然	?	accidental; by chance	我偶然遇到了他。
傍晚	?	towards evening; at dusk	我记得那个傍晚。
储备	v	to store; reserve	我们需要储备一些食物。
储存	v	to store	手机可以储存很多照片。
储蓄	?	savings; to save money	他把一部分工资用于储蓄。
催	v	to urge	妈妈催我快点儿。
傻	?	foolish	他很傻。
像	v	to resemble; like	她长得像妈妈。
僵硬	?	stiff; rigid	坐太久，身体有点儿僵硬。
儒家	?	Confucianism; Confucian school	这本书介绍儒家思想。
儿子	?	son	我有一个儿子。
儿童	?	children	儿童不能喝酒。
允许	v	to allow	这里不允许抽烟。
元	?	yuan	这本书二十元。
元宵节	?	Lantern Festival	元宵节我们吃汤圆。
元旦	?	New Year's Day	我记得那个元旦。
元素	?	element; factor	音乐是这部电影的重要元素。
兄弟	?	brothers	他们是亲兄弟。
充分	?	sufficient; ample	准备充分
充实	a	rich; fulfilling; to enrich	我的周末过得很充实。
充满	v	to be full of	房间里充满阳光。
充电宝	?	power bank	我的充电宝没电了。
充足	?	sufficient; ample	我们有充足的时间。
先	?	first; before	你先吃饭吧。
先前	?	previously; before	我先前见过他。
先生	?	Mr.; sir; husband	先生，您好。
先进	?	advanced	这是先进技术。
光	adv	only; merely	光说不做不行。
光临	v	to visit; patronize	欢迎光临！
光彩	?	glory; brilliance	她今天显得很有光彩。
光明	a	bright; promising	未来是光明的。
光滑	?	smooth	这个表面很光滑。
光线	a	light; ray	我想了解光线。
光芒	?	ray; radiance	太阳发出耀眼的光芒。
光辉	?	glory; radiance	太阳发出光辉。
克制	v	to restrain; control	他努力克制自己的情绪。
克服	v	to overcome	克服困难
免得	?	so as to avoid; lest	早点儿出门，免得迟到。
免疫	?	immunity; immune	运动有助于提高免疫力。
免费	?	free of charge	这里可以免费停车。
兑现	v	to fulfill; cash	他说到做到，兑现了承诺。
兜	?	pocket; bag	他把钥匙放进口兜里。
兢兢业业	?	careful and conscientious	他兢兢业业工作了二十年。
入住	v	to move/check in	我们今天入住。
入口	?	entrance	入口在前面。
入学	v	to enter school	我今年入学。
全	?	all; whole	我们全到了。
全力以赴	v	to go all out	比赛时我们要全力以赴。
全部	?	all; whole	我全部看完了。
全面	?	comprehensive	我们要全面考虑。
八	num	eight	我八点上班。
公交车	?	bus	我坐公交车上班。
公元	?	Common Era	我记得那个公元。
公共汽车	?	bus	我坐公共汽车去公司。
公务	?	official business	他因公务出差。
公司	?	company	我在公司工作。
公园	?	park	我们去公园走走。
公安局	?	public security bureau; police bureau	他去公安局报案。
公寓	?	apartment	我租了一套公寓。
公布	v	to announce	学校公布了考试结果。
公开	v	to make public; open	公司公开了结果。
公式	?	formula	请记住这个公式。
公斤	?	kilogram	这个西瓜五公斤。
公然	?	openly; blatantly	他公然违反规定。
公认	?	widely recognized	他是公认的专家。
公道	?	fair; justice	这个价格很公道。
公里	?	kilometer	学校离我家两公里。
六	num	six	我六点下班。
共同	a	common; shared	我们有共同的爱好。
共计	?	in total; altogether	三项费用共计五千元。
关	v	to close; to turn off	请关门。
关于	prep	about; regarding	我看了一本关于中国的书。
关心	v	to care about; be concerned about	妈妈很关心我。
关怀	?	care; concern	谢谢大家的关怀。
关机	v	to turn off a device	上课请关机。
关注	v	to pay attention to; follow	我很关注这个问题。
关照	v	to look after; take care of	谢谢你一直关照我。
关系	?	relationship; relation	我跟他关系很好。
关键	?	key point; crucial	这个问题很关键。
关闭	v	to close; shut	关闭门
兴奋	a	excited	他很兴奋。
兴旺	?	prosperous; flourishing	这家店生意很兴旺。
兴致勃勃	?	full of enthusiasm; in high spirits	大家兴致勃勃地讨论起来。
兴趣	?	interest	我对中文很有兴趣。
兴隆	?	prosperous; thriving	祝你生意兴隆。
兴高采烈	?	cheerful; in high spirits	孩子们兴高采烈地出发了。
其中	?	among them	其中一个是我的。
其他	?	other; the rest	其他问题都不难。
其余	?	the rest	其余的人都到了。
其实	?	actually; in fact	其实我也不知道。
其次	?	second; next	首先看价格，其次看质量。
具体	?	specific; detailed	具体问题
具备	v	to possess; have	他具备工作需要的能力。
典型	?	typical; representative	这是一个典型例子。
养	v	to raise; keep; grow	我在家养花。
养成	v	to develop; form	要养成好习惯。
内	?	inside; within	请在三天内完成。
内在	?	inner; internal	我们要看到问题的内在原因。
内容	?	content	这篇文章内容很丰富。
内涵	?	meaning; connotation	这个故事有很深的内涵。
内部	?	inside; interior	我想了解内部。
册	?	volume	一册书
再	adv	again; then	明天再来吧。
再三	?	again and again	他再三向我道歉。
再接再厉	v	to make persistent efforts	成绩不错，还要再接再厉。
再次	adv	again; once more	希望你再次来中国。
再见	?	goodbye	老师，再见。
再说	?	besides; moreover; talk later	今天太晚了，明天再说吧。
冒充	v	to pretend to be; impersonate	他冒充工作人员。
冒犯	v	to offend	如果冒犯了你，我很抱歉。
冒险	v	to take a risk	不要为小事冒险。
写	v	to write	我会写汉字。
写作	v	to write; writing	她每天练习写作。
军事	?	military affairs	我想了解军事。
军队	?	army; troops	军队正在训练。
农业	?	agriculture	我想了解农业。
农历	?	lunar calendar	春节按农历计算。
农村	?	countryside	我去过这个农村。
农民	?	farmer	我想了解农民。
冠军	?	champion	他得了比赛冠军。
冤枉	v	to wrong; accuse unjustly	你冤枉我了。
冬天	?	winter	冬天很冷。
冬（天）	?	winter	冬天这里很冷。
冰	?	ice	水里有冰。
冰淇淋	?	ice cream	孩子喜欢吃冰淇淋。
冰激凌	?	ice cream	我夏天喜欢吃冰激凌。
冰箱	?	refrigerator	牛奶在冰箱里。
冲	v	to rush	他冲出了房间。
冲击	v	to challenge; impact	他正在冲击冠军。
冲动	?	impulse; impulsive	生气时不要冲动。
决定	v	to decide; decision	我决定明天去。
决心	?	determination; make up one's mind	我下决心每天运动。
决策	?	decision-making; decision	管理者要学会科学决策。
决赛	?	final match	我想了解决赛。
况且	?	moreover; besides	今天太晚了，况且还下雨。
冷	a	cold	今天很冷。
冷淡	a	cold; indifferent	他很冷淡。
冷落	v	to neglect; treat coldly	别总玩手机冷落朋友。
冷酷	a	cold; cruel	他的态度很冷酷。
冷静	?	calm	他很冷静。
冻	v	to freeze; feel very cold	水都冻了。
凄凉	?	desolate; sad	这里的景色有些凄凉。
准则	?	criterion; principle	安全是我们的第一准则。
准备	v	to prepare; to plan	我准备去北京。
准时	?	punctual; on time	他每天准时上班。
准确	?	accurate; precise	这个答案很准确。
凉	a	cool	这个汤有点儿凉。
凉快	?	pleasantly cool	今天很凉快。
凌晨	?	before dawn; early morning	我们凌晨三点出发。
减少	v	to reduce; decrease	压力减少了。
减肥	v	to lose weight	我最近在减肥。
减轻	v	to reduce; lighten	这样可以减轻压力。
凑合	v	to make do; get by	没有更好的，就先凑合用吧。
凝固	v	to solidify; freeze	水冷到一定程度会凝固。
凝聚	v	to gather; concentrate	这个项目凝聚了大家的心血。
凝视	v	to gaze; stare	她凝视着远方。
几	pron	how many; several	你家有几个人？
几乎	adv	almost	我几乎每天都运动。
凡是	?	all; every; whenever	凡是学生都可以参加。
凭	v	to rely on; on the basis of	不能只凭感觉判断。
凶恶	?	fierce; vicious	故事里的老虎很凶恶。
凶手	?	murderer; killer	警方抓到了凶手。
凹凸	?	uneven; bumpy	这条路凹凸不平。
出	v	to go out; to come out	我出去一下。
出去	v	to go out	我们出去玩吧。
出发	v	to set off; depart	他正在出发。
出国	v	to go abroad	我想出国旅游。
出差	v	to go on a business trip	他正在出差。
出席	v	to attend	经理出席了会议。
出息	?	prospects; success in life	父母希望孩子有出息。
出来	v	to come out	他从教室里出来了。
出版	v	to publish	这本书去年出版。
出现	v	to appear	问题出现了。
出生	v	to be born	我出生在北京。
出示	v	to show; present	请出示护照。
出神	v	to be absorbed; lost in thought	他听音乐听得出神。
出租	v	to rent out	这个房子出租。
出租车	?	taxi	我坐出租车去学校。
出自	v	to come from	这句话出自一本书。
出色	?	outstanding	他很出色。
出行	v	to travel; go out	坐地铁出行很方便。
出路	?	way out; future	我们必须找到新的出路。
出身	?	family background; origin	他出身普通家庭。
出门	v	to go out; leave home	我八点出门。
出院	v	to leave hospital; be discharged	他明天出院。
击	v	to hit; strike	他用手击了一下桌子。
刀	?	knife	我用刀切水果。
分	?	minute	现在三点十分。
分别	?	separately; respectively	我们分别去了两个地方。
分寸	?	proper limits; sense of proportion	说话要有分寸。
分布	v	to be distributed	这些店分布在城市各地。
分开	v	to separate; apart	我们在路口分开。
分散	v	to disperse; distract	别让手机分散注意力。
分明	?	clearly; obviously	他分明知道答案。
分析	v	to analyze	分析问题
分歧	?	difference; disagreement	我们之间有一些分歧。
分泌	v	to secrete	身体会分泌一些激素。
分裂	v	to split; divide	细胞会不断分裂。
分解	v	to break down; decompose	这个动作可以分解成三步。
分辨	v	to distinguish; tell apart	我分辨不出这两种声音。
分量	?	weight; importance	这个箱子分量不轻。
分钟	?	minute	十分钟后我回来。
切	v	to cut; slice	请把苹果切开。
切切实实	?	truly; genuinely	我们要切切实实解决问题。
切实	?	practical; concrete	我们需要切实的办法。
刑事	?	criminal; penal	这是一起刑事案件。
列举	v	to list; enumerate	请列举三个例子。
则	mw	measure word for news or writings	一则新闻
刚	adv	just; just now	我刚到家。
刚刚	?	just now	我刚刚看见他。
刚才	?	just now	刚才谁来了？
创业	v	to start a business	他毕业后开始创业。
创作	v	to create; compose	他正在创作一首新曲子。
创新	v	to innovate; innovation	企业需要不断创新。
创立	v	to found; establish	他十年前创立了这家公司。
创造	v	to create	创造机会
初(级)，中(学)	?	junior high school	我去过这个初(级)，中(学)。
初中	?	junior middle school	我弟弟上初中。
初步	?	preliminary; initial	我们有了初步计划。
判断	v	to judge	请判断对错。
利润	?	profit	我想了解利润。
利用	v	to make use of	我们要充分利用时间。
利益	?	benefit; interest	我想了解利益。
别	?	don't; must not	别说话。
别人	pron	other people; others	不要影响别人。
别扭	?	awkward; uncomfortable	这句话听起来有点儿别扭。
别提	?	don’t mention it	别提了，今天太忙了。
别的	?	other; another	你还要别的吗？
别致	?	unique; novel	这家小店设计得很别致。
刮	v	to blow (of wind)	外面刮风了。
刮风	v	to be windy	外面在刮风。
到	v	to arrive; to reach	我八点到公司。
到处	?	everywhere	公园里到处都是人。
到底	?	on earth; after all	你到底去不去？
到达	v	to arrive; reach	我们已经到达北京。
制作	v	to make; produce	他正在制作一个视频。
制服	?	uniform	他穿着工作制服。
制约	v	to restrict; constrain	时间制约了我们的计划。
制裁	v	to sanction; punish	违法行为会受到制裁。
制造	v	to make; produce	这家工厂制造汽车。
刷	v	to swipe; scan	进站要刷票。
刷卡	v	to swipe/pay by card	可以刷卡
刷牙	v	to brush teeth	我每天早上刷牙。
刹车	v	to brake; brake	前面有人，他马上刹车。
刹那	?	an instant; a split second	刹那间，灯全灭了。
刺	v	to prick; thorn	这根刺扎到我的手了。
刺激	v	to stimulate	咖啡会刺激神经。
刻	?	quarter (of an hour)	现在三点一刻。
刻不容缓	?	urgent; brooks no delay	保护环境刻不容缓。
刻苦	?	hardworking	学习很刻苦。
前	?	before; ago; in front	电影前我吃饭。
前天	?	the day before yesterday	前天我没上课。
前提	?	premise; precondition	安全是第一前提。
前景	?	prospect; outlook	这个行业前景很好。
前边	?	in front; ahead	学校在前边。
前途	?	future; prospects	我想了解前途。
前面	?	in front; ahead	学校前面有商店。
剑	?	sword	墙上挂着一把剑。
剧烈	?	intense; violent	不要做太剧烈的运动。
剩	v	to remain; be left	只剩十分钟了。
剪刀	?	scissors	我想了解剪刀。
副	mw	measure word for sets; pair	他戴着一副眼镜。
割	v	to cut	他不小心割伤了手。
劈	v	to split; chop	他一刀劈开了木头。
力争	v	to strive for	我们力争取得第一名。
力所能及	?	within one's ability	我愿意做一些力所能及的事。
力气	?	physical strength	我今天没有力气。
力求	v	to strive to	我们力求做到最好。
力量	?	strength	我想了解力量。
劝	v	to persuade	劝朋友
办	v	to handle; do	这件事怎么办？
办公室	?	office	我在办公室工作。
办法	?	way; method	我有一个办法。
办理	v	to handle; deal with	我去银行办理业务。
功劳	?	credit; contribution	这次成功有你的功劳。
功夫	?	kung fu	中国功夫
功效	?	effect; function	这种药有一定功效。
功能	?	function	我想了解功能。
加	v	to add	请加一点儿水。
加入	v	to join	欢迎你加入我们。
加工	v	to process; manufacture	这些水果会被加工成果汁。
加油	?	come on; keep it up	加油，你可以的！
加油站	?	gas station	前面有一个加油站。
加班	v	to work overtime	他正在加班。
务必	?	must; be sure to	请务必按时到。
动	v	to move	别动。
动作	?	action; movement	这个动作很简单。
动力	?	motivation; power; driving force	兴趣是学习的动力。
动员	v	to mobilize	学校动员学生参加运动会。
动态	?	development; trend; movement	请关注最新动态。
动手	v	to start doing; use one's hands	想学会就要自己动手。
动物	?	animal	你最喜欢什么动物？
动物园	?	zoo	周末我们去动物园。
动画片	?	animated cartoon	我想了解动画片。
动脉	?	artery	动脉把血液送到身体各处。
动身	v	to set out; depart	我们明天早上动身。
动静	?	sound; movement	外面一点儿动静也没有。
助手	?	assistant	她是教授的助手。
助理	?	assistant	她是经理的助理。
努力	?	hardworking; to work hard	他学习很努力。
劳动	?	labor; to work	他正在劳动。
劳驾	?	excuse me; may I trouble you	劳驾，请让一下。
势必	adv	certainly; inevitably	如果不改变，问题势必更严重。
勇于	v	to have the courage to	我们要勇于承认错误。
勇敢	?	brave	他很勇敢。
勇气	?	courage	我想了解勇气。
勉强	?	reluctantly; barely; force oneself	不愿意就别勉强。
勘探	v	to explore; prospect	专家正在勘探石油。
勤俭	?	hardworking and thrifty	祖父一生很勤俭。
勤劳	?	hardworking; industrious	她是一个勤劳的人。
勤奋	?	diligent	他很勤奋。
勺子	?	spoon	请给我一个勺子。
勺（子）	?	spoon	请给我一个勺子。
勾画	v	to outline; sketch	文章勾画了未来生活。
勿	?	do not	请勿吸烟。
包	?	bag; package	我的包在哪儿？
包含	v	to contain; include	包含三个部分
包围	v	to surround	人群把他包围了。
包子	?	steamed stuffed bun	我喜欢吃包子。
包括	v	to include	包括三个部分
包袱	?	bundle; burden	他背着一个小包袱。
包装	?	packaging; to package	这个产品包装很简单。
化妆	v	to put on makeup	她正在镜子前化妆。
北京	?	Beijing	我住在北京。
北方	?	north; northern part	北方冬天很冷。
北极	?	the Arctic; North Pole	他一直梦想去北极。
匹	mw	measure word for horses	一个匹
区别	?	difference; distinguish	这两个词有区别。
区域	?	region; area	这个区域禁止停车。
医生	?	doctor	他是医生。
医院	?	hospital	他在医院工作。
十	num	ten	我十点下课。
十分	adv	very; extremely	我十分感谢你。
十字路口	?	crossroads; intersection	前面是十字路口。
十足	a	full; complete; one hundred percent	他信心十足。
千	num	thousand	这个手表一千块钱。
千万	num	be sure to; must	你千万别忘了。
千方百计	?	by every possible means	他千方百计想解决问题。
升	v	to rise	温度升高了。
午餐	?	lunch	我十二点吃午餐。
午饭	?	lunch	我中午吃午饭。
半	num	half	现在八点半。
半价	?	half price	今天这件衣服半价。
半夜	?	midnight	半夜我醒了。
半天	?	a long while; half a day	我等了半天。
半途而废	v	to give up halfway	学习不能半途而废。
华丽	?	gorgeous; magnificent	这件衣服太华丽了。
华裔	?	person of Chinese descent	他是一名华裔。
协会	?	association; society	他参加了摄影协会。
协助	v	to assist; help	谢谢你协助调查。
协调	?	harmonious; to coordinate	这几个颜色很协调。
卑鄙	?	mean; despicable	这种做法很卑鄙。
卓越	?	outstanding; excellent	他有卓越的能力。
单人间	?	single room	我想订一个单人间。
单位	?	work unit; employer	我想了解单位。
单独	?	alone; separately	我想单独跟你谈谈。
单纯	a	simple; pure	他很单纯。
单调	?	monotonous; dull	这样的生活太单调。
卖	v	to sell	怎么卖
南	?	south	往南走
南方	?	south; southern part	南方天气比较热。
南辕北辙	v	to act contrary to one's goal	他的做法和目标南辕北辙。
博士	?	doctoral degree; PhD	他在读博士。
博大精深	?	broad and profound	中国文化博大精深。
博物馆	?	museum	周末我们去博物馆。
博览会	?	exhibition; expo	我们去参观了博览会。
占	v	to occupy; take up; make up	这个箱子占了很多地方。
占据	v	to occupy; take up	书占据了整张桌子。
占线	?	phone line is busy	电话一直占线。
占领	v	to occupy; seize	军队占领了这个地方。
卡	?	card	这是我的学生卡。
卧室	?	bedroom	我想了解卧室。
卫星	?	satellite	这颗卫星正在绕地球运行。
卫生间	?	restroom; bathroom	卫生间在哪儿？
印刷	v	to print	这本书已经印刷好了。
印象	?	impression	第一印象很重要。
危害	v	to harm	吸烟危害健康。
危机	?	crisis	公司正在面对危机。
危险	a	dangerous; danger	这里很危险。
即	?	namely; that is	明天，即星期三，我们见面。
即使	?	even if	即使下雨，我也去。
即便	?	even if; even though	即便下雨，我们也会去。
即将	adv	soon; about to	飞机即将起飞。
即时	?	real-time; immediate	系统可以即时发送消息。
却	?	but; yet	我很喜欢，他却不喜欢。
卷	v	to roll; curl	他把地图卷起来了。
历代	?	through the ages; successive dynasties	历代都有优秀的学者。
历史	?	history	我喜欢学历史。
历来	adv	always; throughout history	这个问题历来很受重视。
厉害	a	serious; impressive	他真厉害！
压力	?	pressure; stress	最近工作压力很大。
压抑	v	to suppress; depressed	他一直压抑自己的情绪。
压迫	v	to oppress; pressure	不能用权力压迫别人。
厌倦	v	to be tired of; weary of	我厌倦了每天做同样的事。
厌恶	v	to dislike; hate; be disgusted with	我很厌恶这种行为。
厕所	?	toilet	厕所在哪儿？
厚	a	thick	这本书很厚。
原先	?	originally; formerly	这里原先是一家商店。
原则	?	principle	我想了解原则。
原因	?	reason; cause	这是主要原因。
原始	?	primitive; original	这里还保留着原始森林。
原料	?	raw material	我想了解原料。
原来	?	originally; as it turns out	原来你在这儿。
原理	?	principle	老师解释了机器的原理。
原谅	v	to forgive	请原谅我。
厨房	?	kitchen	妈妈在厨房做饭。
去	v	to go	我去学校。
去世	v	to pass away	他爷爷去年去世了。
去年	?	last year	我去年去北京了。
县	?	county	他住在一个小县城。
参与	v	to take part in	参与活动
参加	v	to participate in	我参加了比赛。
参考	v	to consult; refer to	你可以参考这本书。
参观	v	to visit; look around	我们去参观学校。
参谋	?	adviser; to advise	你帮我参谋一下吧。
又	adv	again; also	他今天又迟到了。
又……又……	?	both…and…	她又聪明又漂亮。
及早	?	as early as possible	有问题要及早解决。
及时	?	in time; timely	你来得很及时。
及格	v	to pass an exam	这次考试我及格了。
友好	?	friendly	他很友好。
友情	?	friendship	我们的友情很好。
友谊	?	friendship	真正的友谊很重要。
双	mw	pair; measure word for pairs	我买了一双鞋。
双胞胎	?	twins	他们是一对双胞胎。
反之	?	conversely; on the contrary	努力会进步，反之就会退步。
反复	?	repeatedly	我反复看了几遍。
反对	v	to oppose	我反对这个办法。
反射	v	to reflect; reflection	镜子会反射光。
反常	?	abnormal; unusual	他今天的表现有点儿反常。
反应	?	reaction; to react	他没有反应。
反感	v	to dislike; be disgusted with	我对这种广告很反感。
反抗	v	to resist	他试图反抗警方。
反映	v	to reflect	反映问题
反正	?	anyway	反正我今天有时间。
反而	?	instead; on the contrary	他没生气，反而笑了。
反问	v	to ask a rhetorical question; ask back	他没有回答，只是反问我。
反馈	?	feedback; to give feedback	谢谢你的反馈。
反驳	v	to refute; argue against	他马上反驳了这个观点。
发	v	to send; to issue	我给你发邮件。
发呆	v	to stare blankly; daydream	他坐在那里发呆。
发展	v	to develop; development	这个城市发展很快。
发愁	v	to worry	别为这件事发愁。
发扬	v	to carry forward; promote	我们要发扬传统文化。
发抖	v	to tremble; shiver	他冷得发抖。
发挥	v	to bring into play	他在比赛中发挥得很好。
发炎	v	to become inflamed	伤口有点儿发炎。
发烧	v	to have a fever	他发烧了。
发现	v	to discover; to find	我发现手机不见了。
发生	v	to happen	发生什么事了？
发行	v	to publish; issue; distribute	这本杂志每月发行一次。
发觉	v	to notice; realize	我发觉他最近很累。
发言	v	to speak; make a speech	请大家轮流发言。
发誓	v	to swear; vow	他发誓不再撒谎。
发财	v	to get rich	他希望生意好，早点发财。
发达	?	developed; advanced	经济发达
叔叔	?	uncle; Mr. (older man)	叔叔在家看电视。
取	v	to take; get	我去银行取钱。
取得	v	to achieve; gain	他取得了好成绩。
取消	v	to cancel	取消计划
受(伤)	v	to be injured	他在比赛中受伤了。
受不了	?	cannot stand; cannot bear	我受不了这么热的天气。
受到	v	to receive; be subjected to	他受到大家的欢迎。
受罪	v	to suffer	这么热还穿大衣，真受罪。
变	v	to change; become	天气变冷了。
变化	?	change	这里变化很大。
变成	v	to become; turn into	水变成冰了。
变故	?	unexpected event; accident	家里突然发生了变故。
变迁	?	change; transition over time	这个城市经历了很大变迁。
叙述	v	to narrate	请叙述一下事情的经过。
口	mw	measure word for family members	我家有三口人。
口味	?	taste; flavor	我想了解口味。
口头	?	oral; spoken	我们先达成口头协议。
口气	?	tone; manner of speaking	他的口气很严肃。
口腔	?	oral cavity; mouth	每天要保持口腔清洁。
口音	?	accent	他有一点儿南方口音。
古代	?	ancient times	我想了解古代。
古典	?	classical	古典音乐
古怪	a	strange; odd	他的想法有点儿古怪。
古董	?	antique	这是一件很贵的古董。
句	mw	measure word for sentences	请说一句。
句子	?	sentence	这个句子很简单。
另	?	another; other	我还有另一个问题。
另外	?	besides; in addition	我买了书，另外还买了词典。
只	adv	only; just	我只有一个问题。
只好	?	have no choice but	下雨了，我们只好回家。
只是	adv	only; just	我只是问一问。
只有	adv	only; only if	这里只能坐五个人。
只有……才……	?	only if…then/can…	只有努力学习，才能考好。
只能	?	can only; have no choice but to	太晚了，我们只能回家。
只要	?	as long as	只要努力，就会进步。
叫	v	to be called; to call	你叫什么名字？
召开	v	to hold; convene	公司明天召开会议。
叮嘱	v	to repeatedly advise; remind	妈妈叮嘱我注意安全。
可	adv	really; indeed (for emphasis)	今天可冷了。
可乐	?	cola	我不常喝可乐。
可以	mv	can; may; okay	我可以坐这儿吗？
可口	a	tasty; delicious	这道菜很可口。
可怕	?	terrible; dreadful	这个故事很可怕。
可怜	?	pitiful; poor	这个孩子很可怜。
可恶	?	hateful; awful	这种行为真可恶。
可惜	?	regrettable; a pity	真可惜！
可是	conj	but; however	我想去，可是没有时间。
可爱	?	cute; lovely	这个孩子很可爱。
可能	mv	maybe; possible	他可能在家。
可行	?	feasible; workable	这个计划基本可行。
可见	?	it can be seen that	他每天练习，可见很认真。
可观	?	considerable; impressive	今年收入很可观。
可靠	?	reliable	他很可靠。
台	mw	measure word for machines	我买了一台电脑。
台阶	?	steps	门前有几个台阶。
右	a	right	往右拐
右边	?	right side	我坐在右边。
叶子	?	leaf	树的叶子绿了。
号	?	date; number	今天几号？
号召	v	to call on; appeal	学校号召大家节约用水。
号码	?	number	这是我的电话号码。
司机	?	driver	他是出租车司机。
叹气	v	to sigh	别一直叹气。
叼	v	to hold in the mouth	狗嘴里叼着一只球。
吃	v	to eat	我想吃米饭。
吃亏	v	to suffer losses	做生意不能总吃亏。
吃力	a	difficult; strenuous	搬这个箱子很吃力。
吃惊	v	to be surprised	我听了很吃惊。
吃苦	v	to endure hardship	年轻人要能吃苦。
吃饭	v	to eat a meal	中午我吃饭。
各	pron	each; various	各位请坐。
各抒己见	?	each express one's own view	会上大家各抒己见。
各种	?	various; all kinds of	这里有各种水果。
各自	?	each; respective	大家各自准备。
合伙	v	to form a partnership	他们合伙开了一家店。
合作	v	to cooperate	我们和这家公司合作。
合成	v	to synthesize; combine	这两种材料可以合成新物质。
合格	?	qualified; up to standard	他考试合格了。
合理	?	reasonable	这个价格很合理。
合算	?	worthwhile; economical	坐地铁更合算。
合适	?	suitable; appropriate	这件衣服很合适。
吉祥	a	lucky; auspicious	红色常代表吉祥。
吊	v	to hang; suspend	他们把灯吊在屋顶上。
同事	?	colleague	他是我的同事。
同学	?	classmate	他是我的同学。
同志	?	comrade; colleague	几位同志正在开会。
同情	v	to sympathize with	我很同情他。
同意	v	to agree	我同意你的办法。
同时	?	at the same time	我学习汉语，同时也学习历史。
同胞	?	compatriot; fellow citizen	我们都是中国同胞。
名	mw	measure word for people; name	一名学生。
名人	?	famous person	他是一位名人。
名副其实	v	to live up to one's name	他是名副其实的专家。
名字	?	name	你叫什么名字？
名次	?	ranking; place	他的名次是第二。
名牌	?	famous brand	我想了解名牌。
名誉	?	reputation; honor	他很重视自己的名誉。
后	?	after; later; behind	十分钟后见。
后代	?	later generations; descendants	我们要为后代保护环境。
后天	?	the day after tomorrow	后天我们见。
后年	?	the year after next	我后年毕业。
后悔	v	to regret	我有点儿后悔。
后来	?	later; afterwards	后来他去北京了。
后果	?	consequence	我想了解后果。
后背	?	back of the body	我的后背有点儿疼。
后面	?	behind; at the back	商店在学校后面。
向	prep	toward; to	我想向老师问一个问题。
向导	?	guide	我们请了一位当地向导。
向往	v	to yearn for; long for	我一直向往自由的生活。
向来	adv	always; all along	他向来很守信用。
吓	v	to frighten	别吓孩子。
吗	part	question particle	你是学生吗？
君子	?	gentleman; person of integrity	他希望做一个君子。
吝啬	?	stingy; miserly	他对自己很吝啬。
吞吞吐吐	v	to speak hesitantly	他吞吞吐吐地说不清楚。
否决	v	to veto; reject	这个提议被否决了。
否则	?	otherwise	快点儿，否则会迟到。
否认	v	to deny	他否认了这个说法。
吧	part	modal particle for suggestion/request	我们去看电影吧。
吨	?	metric ton	一个吨
吩咐	v	to instruct; order	老师吩咐我整理资料。
含义	?	meaning; implication	这个词有两个含义。
含糊	?	vague; unclear	他的回答很含糊。
听	v	to listen; to hear	我听老师说汉语。
听见	v	to hear	我听见了。
听说	v	to hear; be told	听说很冷
启发	v	to inspire; enlighten	启发我
启示	?	inspiration; lesson	这件事给我很大启示。
启程	v	to set out; depart	我们明天启程。
启蒙	v	to enlighten; introductory education	这位老师是我的启蒙老师。
吵	v	to make noise; noisy	外面太吵了。
吵架	v	to quarrel	他们又吵架了。
吸取	v	to absorb; learn from	吸取教训
吸引	v	to attract	这个地方吸引了很多人。
吸收	v	to absorb	吸收知识
吹	v	to boast; brag	他喜欢吹自己多厉害。
吹捧	v	to flatter; hype	不要盲目吹捧一个产品。
吹牛	v	to brag; boast	他喜欢吹牛。
吻	v	to kiss	妈妈吻了孩子一下。
吼	v	to roar; shout	老板生气地吼了一声。
呀	part	sentence-final particle	你去哪儿呀？
呆	?	dull; to stay	我想在家呆一天。
呈现	v	to present; appear	屏幕上呈现出新的图像。
告别	v	to say goodbye	我跟朋友告别。
告诉	v	to tell	请告诉我。
告诫	v	to warn; admonish	父亲告诫我不要贪心。
告辞	v	to take leave; say goodbye	时间不早了，我先告辞。
员	?	member; worker (suffix)	他是服务员。
员工	?	employee; staff	他是一名员工。
呢	part	particle used in questions/topic follow-up	我很好，你呢？
周	?	week	这周
周围	?	surroundings; around	学校周围很安静。
周密	a	careful; thorough	计划安排得很周密。
周期	?	cycle; period	这个项目周期是半年。
周末	?	weekend	周末你做什么？
周边	?	surrounding area; nearby	学校周边有很多商店。
味道	?	taste; flavor	这个菜味道不错。
呵	?	ah; oh	呵，原来是这样！
呼吁	v	to call on; appeal	专家呼吁大家重视睡眠。
呼吸	v	to breathe	请深呼吸。
呼唤	v	to call; call out	妈妈在门口呼唤孩子。
呼啸	v	to roar; howl	风在窗外呼啸。
呼朋唤友	v	to invite friends together	他喜欢呼朋唤友一起吃饭。
命令	v	to command; order	经理命令他马上回来。
命名	v	to name	这条街以一位作家命名。
命运	?	fate; destiny	我想了解命运。
咀嚼	v	to chew	吃饭时要慢慢咀嚼。
咋	?	how; why	这事咋办？
和	conj	and	我有一个电脑和一本书。
和平	?	peaceful; peace	我们都希望世界和平。
和气	a	kind; friendly; mild	他说话很和气。
和睦	?	harmonious; peaceful	他们一家人很和睦。
和蔼	a	kind; amiable	老师很和蔼。
和谐	?	harmonious	大家相处得很和谐。
咖啡	?	coffee	我喜欢喝咖啡。
咖啡厅	?	coffee shop; café	我们在咖啡厅见面。
咨询	v	to consult	我想咨询一下这个问题。
咬	v	to bite	小狗咬了我的鞋。
咱们	pron	we; us (inclusive)	咱们一起去吧。
咳	v	to cough	他咳了两下。
咳嗽	v	to cough; cough	他一直咳嗽。
咸	?	salty	这个汤很咸。
品尝	v	to taste; sample	请品尝一下这个蛋糕。
品德	?	moral character	老师很重视学生的品德。
品种	?	variety; type	这家店水果品种很多。
品行	?	conduct; character	他的品行很好。
品质	?	quality; character	他的品质很好。
哄	v	to coax	妈妈正在哄孩子睡觉。
哇	part	wow	哇，这里真漂亮！
哈	intj	sound of laughter	哈，你来了！
哈哈	?	ha-ha (laughter)	哈哈，太有意思了！
响	v	to ring; sound	电话响了。
响亮	?	loud; resonant	他的声音很响亮。
响应	v	to respond; answer a call	大家积极响应活动。
哎	intj	used to express surprise or dissatisfaction	哎，你怎么来了？
哥哥	?	older brother	我哥哥是医生。
哦	part	oh	哦，原来是这样。
哪	pron	which	你是哪国人？
哪个	pron	which one	你要哪个？
哪些	pron	which ones	你喜欢哪些菜？
哪儿	pron	where	你在哪儿工作？
哪怕	?	even if	哪怕下雨，我也去。
哪里	pron	where	你住在哪里？
哭	v	to cry	孩子哭了。
哭泣	v	to cry; weep	孩子在安静地哭泣。
哭鼻子	v	to cry; shed tears	别因为这点儿小事哭鼻子。
哼	intj	hmph; hum	他哼了一声，没有说话。
唉	intj	sighing sound indicating sadness or regret	唉，我又忘了。
唠叨	v	to nag; chatter repeatedly	妈妈又开始唠叨了。
售货员	?	salesperson	他是售货员。
唯一	adv	only; sole	这是唯一的办法。
唯独	adv	only; alone	大家都来了，唯独他没来。
唱	v	to sing	唱歌
唱歌	v	to sing	她喜欢唱歌。
唾弃	v	to despise; reject	大家都唾弃这种行为。
商业	?	business; commerce	我想了解商业。
商务	?	business affairs	我想了解商务。
商品	?	goods; commodity	商店里有很多商品。
商场	?	shopping mall; department store	我去商场买衣服。
商店	?	shop; store	我去商店。
商量	v	to discuss; consult	我们商量一下这件事。
啊	part	modal particle expressing confirmation/emotion	是啊。
啤酒	?	beer	他点了一瓶啤酒。
啦	?	sentence particle	别担心啦！
喂	intj	hello (on the phone)	喂，你好。
善于	v	to be good at	他善于跟人沟通。
善良	?	kind-hearted	他很善良。
喉咙	?	throat	我的喉咙有点儿疼。
喊	v	to shout; call	喊名字
喘气	v	to breathe heavily; gasp	跑完以后他一直喘气。
喜悦	?	joy; happiness	她脸上充满喜悦。
喜欢	v	to like	我喜欢喝茶。
喜爱	v	to like; love	孩子们喜爱大熊猫。
喜闻乐见	?	popular; loved by the public	这种节目很喜闻乐见。
喝	v	to drink	我喝水。
喧哗	a	noisy; uproar	请不要在教室里喧哗。
嗅觉	?	sense of smell	狗的嗅觉很灵敏。
嗨	?	hi; hey	嗨，好久不见！
嗯	intj	yes; mm-hmm	嗯，我知道了。
嘈杂	a	noisy; clamorous	这里太嘈杂了。
嘛	part	particle: after all; you know	别担心嘛，会有办法的。
嘱咐	v	to instruct; remind	医生嘱咐他多休息。
嘲笑	v	to laugh at; mock	不要嘲笑别人。
嘴	?	mouth	孩子的嘴很小。
嘴唇	?	lip	她的嘴唇有点儿干。
嘿	intj	hey	嘿，你的手机掉了！
器官	?	organ	心脏是重要器官。
器材	?	equipment; apparatus	体育器材都在这里。
噪音	?	noise	外面的噪音太大。
嚷	v	to shout; yell	别在教室里嚷。
四	num	four	我家有四口人。
四季	?	four seasons	这里四季都很漂亮。
四肢	?	four limbs	运动可以活动四肢。
回	v	to return; to go back	我下午回家。
回去	v	to return; go back	我想回去。
回国	v	to return to one's home country	他下个月回国。
回忆	v	to recall; memory	我常常回忆大学生活。
回报	v	to repay; return; reward	努力会有回报。
回来	v	to come back; return	爸爸回来了。
回答	v	to answer; answer	请回答这个问题。
回避	v	to avoid; evade	不要回避这个问题。
回顾	v	to review; look back	我们一起回顾过去。
因为	conj	because	因为下雨，我不出去。
因此	conj	therefore	今天下雨，因此我没去。
因素	?	factor	我想了解因素。
因而	?	therefore	他准备充分，因而很有信心。
团圆	v	to reunite; family reunion	春节一家人终于团圆了。
困	?	sleepy	我很困。
困难	?	difficulty; difficult	这个问题很困难。
围绕	v	to center around	围绕这个话题
固定	?	fixed; to fix	请把桌子固定好。
固有	?	inherent; existing	每种文化都有固有特点。
固然	adv	certainly; admittedly	努力固然重要，方法也很重要。
国	?	country; nation	你是哪国人？
国外	?	abroad; foreign countries	他在国外工作。
国宝	?	national treasure	大熊猫是中国的国宝。
国家	?	country	你去过哪些国家？
国籍	?	nationality; citizenship	他的国籍是中国。
国际	?	international	这是一场国际比赛。
图书馆	?	library	我去图书馆看书。
图案	?	pattern; design	衣服上的图案很好看。
圆	a	round	这张桌子是圆的。
圆满	?	satisfactory; successful	会议圆满结束。
圈	?	circle; ring	请画一个圈。
圈儿	?	circle; lap	我跑了三圈儿。
圈套	?	trap; trick	这是一个圈套。
土壤	?	soil	这种植物喜欢湿润的土壤。
在	v	to be at/in; at; in	我在学校。
在乎	v	to care about	我很在乎家人的看法。
在于	v	to lie in; consist in	成功在于坚持。
在意	v	to care about; mind	别太在意别人的看法。
地	part	structural particle for adverbials	他认真地学习。
地位	?	position; status	我想了解地位。
地区	?	region; area	我去过这个地区。
地图	?	map	地图在桌子上。
地址	?	address	请写下你的地址。
地方	?	place	这个地方很安静。
地步	?	point; situation	事情已经到了这个地步。
地点	?	place; location	见面的地点在哪儿？
地球	?	Earth; globe	我们要保护地球。
地理	?	geography	我想了解地理。
地道	?	authentic; genuine	地道的北京话
地铁	?	subway	我坐地铁上班。
地震	?	earthquake	昨晚发生了地震。
场	mw	measure word for events	下午有一场比赛。
场合	?	occasion; situation	正式场合要注意礼貌。
场所	?	place; site	这里是公共场所。
场面	?	scene; situation	现场的场面很热闹。
均匀	?	even; well-distributed	颜色很均匀。
坏	a	bad; broken	我的电脑坏了。
坐	v	to sit; to take (transport)	请坐。
坑	?	pit; hole	路边有一个大坑。
块	mw	yuan; piece (colloquial measure word)	这个杯子十块钱。
坚决	?	resolute; determined	他很坚决。
坚定	?	firm; determined	他的态度很坚定。
坚持	v	to persist; insist	他每天坚持运动。
坚硬	a	hard; solid	这种石头非常坚硬。
坚韧	?	tough; tenacious	她性格十分坚韧。
坠	v	to fall; drop	树上的果子坠了下来。
坦白	?	frank; to confess	我想坦白告诉你。
垂直	?	vertical; perpendicular	这面墙几乎是垂直的。
垃圾	?	garbage; trash	请把垃圾扔了。
垃圾桶	?	trash can	请把垃圾扔进垃圾桶。
垄断	v	to monopolize; monopoly	这家公司一度垄断市场。
垫	v	to put something underneath; pad	请在桌脚下面垫一块木头。
埋伏	v	to lie in ambush; ambush	警察在附近埋伏。
埋怨	v	to complain; blame	别总埋怨别人。
城市	?	city	这个城市很大。
培养	v	to cultivate; train	培养兴趣
培育	v	to cultivate; nurture	学校重视培育年轻人才。
培训	v	to train	公司正在培训新员工。
基因	?	gene	基因会影响一些特点。
基地	?	base; center	这里是研究基地。
基本	?	basically	我基本同意。
基本上	?	basically; generally	我基本上同意。
基础	?	foundation; basis	我的汉语基础不错。
堆	?	pile; heap	一个堆
堆积	v	to pile up; accumulate	仓库里堆积了很多货物。
堕落	v	to degenerate; fall	他不想让自己堕落。
堵塞	v	to block; congestion	下水道堵塞了。
堵车	?	traffic jam	路上堵车了。
塌	v	to collapse	那面墙塌了。
塑料袋	?	plastic bag	我们应该少用塑料袋。
塑造	v	to shape; portray	教育会塑造一个人。
填空	v	to fill in a blank	请完成这个填空题。
境界	?	level; state	他的艺术达到了很高境界。
墙	?	wall	墙上有一张照片。
增加	v	to increase; add	人数增加了。
增添	v	to add; increase	花朵给房间增添了颜色。
墨水	?	ink	笔里没有墨水了。
士兵	?	soldier	他是一名士兵。
壮丽	?	magnificent; splendid	这里的山河十分壮丽。
壮观	?	spectacular	瀑布非常壮观。
声	mw	measure word for sounds	我听见一声。
声誉	?	reputation	这家公司声誉很好。
声音	?	sound; voice	你的声音很好听。
壶	?	pot; kettle	这是我的壶。
处境	?	situation; position	他的处境很困难。
处理	v	to handle; deal with	处理问题
处置	v	to handle; dispose of	旧设备需要及时处置。
备忘录	?	memorandum; memo	我写了一份会议备忘录。
复习	v	to review	晚上我复习汉语。
复印	v	to photocopy	请复印这份文件。
复杂	?	complicated	这个问题很复杂。
夏天	?	summer	夏天很热。
夕阳	?	setting sun; sunset	夕阳很美。
外	?	outside; outer	自行车在门外。
外交	?	diplomacy	我想了解外交。
外公	?	maternal grandfather	我想了解外公。
外出	v	to go out	今天我要外出。
外卖	?	takeaway; takeout	点外卖
外国	?	foreign country	他是外国学生。
外地	?	another place; out of town	他是从外地来的。
外界	?	outside world	他很少和外界联系。
外行	?	layperson; outsider	我对艺术是个外行。
外表	?	appearance; exterior	不要只看一个人的外表。
外语	?	foreign language	我在学一门外语。
外边	?	outside	外边下雨了。
外面	?	outside	外面很冷。
多	a	many; much; how (with adjective)	你多大？
多么	intj	how; what (exclamation)	今天天气多么好啊！
多亏	?	thanks to; luckily	多亏你提醒我。
多元化	?	diverse; diversified	社会变得越来越多元化。
多少	pron	how many; how much	这个多少钱？
多才多艺	?	multi-talented; versatile	她真是多才多艺。
夜	?	night	夜已经很深了。
够	v	to be enough	这些钱够了。
大	a	big; old (age)	你多大？
大不了	?	at worst; at most	大不了我们重新开始。
大人	?	adult	大人坐这边。
大伙儿	?	everyone; everybody	大伙儿都到了。
大体	?	roughly; generally	情况大体如此。
大使馆	?	embassy	我去大使馆。
大厅	?	hall; lobby	我们在大厅见。
大厦	?	large building	我去过这个大厦。
大型	?	large-scale	这是一个大型活动。
大夫	?	doctor	他是大夫。
大学	?	university; college	我在大学学习汉语。
大学生	?	university student	他是大学生。
大家	pron	everyone; everybody	大家好。
大小	?	size	你要多大的？看看大小。
大意	?	careless; negligent	考试时不能大意。
大方	?	generous	他很大方。
大概	?	roughly; probably	现在大概八点。
大熊猫	?	giant panda	我很喜欢大熊猫。
大约	?	approximately	我们等了大约十分钟。
大肆	?	on a large scale; wantonly	商家大肆宣传新产品。
大脑	?	brain	大脑需要充分休息。
大臣	?	minister; high official	国王召集大臣开会。
大自然	?	nature	我喜欢大自然。
大致	?	roughly; approximately	我大致了解情况。
大衣	?	coat; overcoat	今天冷，穿大衣吧。
大门	?	main gate; entrance	我在学校大门等你。
天	?	day	三天
天伦之乐	?	family happiness	春节一家人享受天伦之乐。
天堂	?	heaven; paradise	这里安静得像天堂。
天才	?	genius	他是数学天才。
天文	?	astronomy	他从小喜欢天文。
天气	?	weather	今天天气很好。
天生	?	innate; born	他天生喜欢音乐。
天真	?	naive; innocent	他很天真。
天空	?	sky	我想了解天空。
天赋	?	talent; gift	她很有音乐天赋。
太	adv	too; very	今天太热了。
太太	?	wife; Mrs.	周太太在家。
太阳	?	sun	今天太阳很好。
太阳镜	?	sunglasses	夏天我戴太阳镜。
夫人	?	madam; wife	王夫人已经到了。
夫妇	?	married couple	这对夫妇很喜欢旅行。
夫妻	?	husband and wife; married couple	他们是一对夫妻。
失去	v	to lose	他失去了工作。
失望	?	disappointed	我有点儿失望。
失眠	v	to suffer from insomnia	我昨晚失眠了。
失误	?	mistake; error	这次失误影响了结果。
失败	v	to fail; failure	这次我们失败了。
头	?	head	头疼
头发	?	hair	她的头发很长。
头脑	?	mind; brain	遇到问题要保持头脑清醒。
夸	v	to praise	老师夸他进步很大。
夸张	?	exaggerated	他的说法有点儿夸张。
夹杂	v	to mix with; be mixed with	空气中夹杂着花香。
奇妙	?	wonderful; marvelous	深海世界十分奇妙。
奇怪	a	strange; odd	这件事很奇怪。
奇迹	?	miracle	我想了解奇迹。
奋斗	v	to strive; struggle	我们要为梦想奋斗。
奔波	v	to rush about	他常年在外奔波。
奔驰	v	to speed; gallop	汽车在高速路上奔驰。
奖励	v	to reward; reward	公司奖励了优秀员工。
奖学金	?	scholarship	他获得了奖学金。
奖金	?	bonus; prize money	他得到了奖金。
套	?	set; suite	一套房子
奢侈	?	luxurious; extravagant	这家酒店很奢侈。
奥秘	?	mystery; secret	科学帮助我们探索自然奥秘。
女	?	female; woman	那个女的是我姐姐。
女儿	?	daughter	她有一个女儿。
女士	?	lady; madam	那位女士在等车。
女孩儿	?	girl	那个女孩儿是谁？
女朋友	?	girlfriend	这是他的女朋友。
女生	?	female student; girl	班里有十个女生。
奴隶	?	slave	不要做手机的奴隶。
奶奶	?	grandmother (paternal)	奶奶在家休息。
奶茶	?	bubble tea	我喜欢喝奶茶。
她	pron	she; her	她是老师。
她们	pron	they (female)	她们都是学生。
好	a	good; well	你好。
好久	?	a long time	好久不见！
好像	?	as if; seem	他好像不在家。
好几	a	several; quite a few	我等了好几个小时。
好吃	a	delicious; tasty	这个菜很好吃。
好听	?	pleasant to hear	这个很好听。
好处	?	benefit; advantage	运动有很多好处。
好多	a	many; a lot of	这里有好多人。
好奇	?	curious	他很好奇。
好好	?	well; carefully	你要好好学习。
好客	v	to be hospitable	这里的人很热情好客。
好玩儿	?	fun; interesting	这个很好玩儿。
好看	?	good-looking; nice to look at	很好看
如今	?	nowadays	如今生活方便多了。
如何	?	how	这个问题如何解决？
如果	conj	if	如果下雨，我们就在家。
妄想	?	vain hope; delusion	别妄想不努力就成功。
妇女	?	woman; women	很多妇女参加了活动。
妈妈	?	mom; mother	我妈妈是老师。
妥当	?	proper; appropriate	事情已经安排妥当。
妨碍	v	to hinder	别妨碍别人工作。
妹妹	?	younger sister	我妹妹是学生。
妻子	?	wife	他妻子是老师。
始终	?	all along; from beginning to end	他始终没有放弃。
姐姐	?	older sister	我姐姐是老师。
姑且	?	for the time being; tentatively	这个问题姑且放一放。
姑姑	?	aunt; father's sister	他是一名姑姑。
姑娘	?	girl; young woman	他是一名姑娘。
姓	v	to be surnamed; surname	你姓什么？
姓名	?	full name	请写姓名。
委屈	v	to feel wronged; wronged	他觉得很委屈。
委托	v	to entrust; commission	他委托我办理这件事。
姥姥	?	maternal grandmother	我想了解姥姥。
姿势	?	pose; posture	我想了解姿势。
姿态	?	posture; attitude	她站立的姿态很优美。
威信	?	prestige; credibility	他在团队中很有威信。
威望	?	prestige; authority	他在行业里很有威望。
威胁	v	to threaten	这会威胁安全。
威风	?	impressive; imposing	他穿制服很威风。
娃娃	?	baby; child	那个娃娃很可爱。
娱乐	?	entertainment; entertain	周末我们看电影娱乐一下。
婚姻	?	marriage	我想了解婚姻。
婚礼	?	wedding	我想了解婚礼。
婴儿	?	infant; baby	这个婴儿正在睡觉。
媒体	?	media	我想了解媒体。
媳妇	?	wife; daughter-in-law	他的媳妇很贤惠。
嫉妒	v	to be jealous; envy	不要嫉妒别人。
嫌	v	to dislike; complain about	他嫌这里太吵。
嫌疑	?	suspicion; suspect	他有很大嫌疑。
嫩	?	tender; soft	这个菜很嫩。
子弹	?	bullet	枪里没有子弹。
孔	?	hole; opening	墙上有一个小孔。
孕育	v	to breed; give birth to; nurture	好的环境会孕育机会。
字	?	character; written word	这个字怎么读？
存	v	to store; save	我想去银行存钱。
存在	v	to exist	这个问题一直存在。
孙子	?	grandson	他是我的孙子。
孝顺	v	to be filial; filial	他很孝顺父母。
季军	?	third place	她获得了女子组季军。
季度	?	quarter of a year	这个季度销售很好。
季节	?	season	你最喜欢哪个季节？
孤独	?	lonely; solitude	一个人在国外有时会感到孤独。
学	v	to learn; study	我学中文。
学习	v	to study; to learn	我学习汉语。
学位	?	academic degree	她获得了博士学位。
学期	?	semester; term	这个学期很忙。
学校	?	school	我去学校。
学生	?	student	我是学生。
学说	?	theory; doctrine	这个学说很有影响。
学问	?	knowledge; learning	我想了解学问。
孩子	?	child	这个孩子五岁。
宁可	?	would rather	我宁可走路，也不坐车。
宁愿	?	would rather	我宁愿走路，也不坐这么挤的车。
宁肯	?	would rather	我宁肯早点儿出发。
它	pron	it	它是我的猫。
它们	pron	they (things/animals)	它们都很小。
守岁	v	to stay up on Lunar New Year's Eve	除夕晚上很多人守岁。
守护	v	to guard; protect	父母守护孩子成长。
安全	a	safe; safety	这里很安全。
安宁	?	peaceful; calm	大家都希望生活安宁。
安慰	v	to comfort; to console	安慰朋友
安排	v	to arrange	我来安排时间。
安置	v	to arrange; settle	公司给新员工安置了宿舍。
安装	v	to install; to fix	安装软件
安静	a	quiet	这里很安静。
完	v	to finish; complete	我吃完了。
完全	?	completely	我完全同意。
完善	v	to improve; complete	这个系统还需要完善。
完备	?	complete; comprehensive	学校的设施很完备。
完成	v	to complete	我完成作业了。
完整	?	complete	这篇文章很完整。
完毕	v	to finish; complete	会议已经完毕。
完美	?	perfect	没有人是完美的。
宗教	?	religion	不同地区有不同宗教传统。
宗旨	?	purpose; principle	我们的宗旨是服务学生。
官	?	government official	他是一名官。
官方	?	official; authorities	这是官方消息。
定义	?	definition; to define	请先解释这个词的定义。
定期	?	regularly; at fixed intervals	我定期去体检。
宝贝	?	baby	这个孩子是妈妈的宝贝。
宝贵	?	precious; valuable	时间很宝贵。
实事求是	v	to seek truth from facts	做研究要实事求是。
实力	?	strength; ability	这支队伍实力很强。
实在	adv	really; honest	我实在太累了。
实惠	?	good value; practical	这家店的饭又好吃又实惠。
实施	v	to carry out; implement	这个计划下个月开始实施。
实现	v	to realize; achieve	实现理想
实用	?	practical	这个方法很实用。
实行	v	to carry out; implement	学校开始实行新规定。
实话	?	truth	我想了解实话。
实质	?	essence; substance	问题的实质是什么？
实践	v	to put into practice; practice	学到的方法要在实践中使用。
实际	?	reality; actual	这个办法很实际。
实际上	?	actually; in fact	实际上，我已经知道了。
实验	?	experiment; to experiment	我们做了一个实验。
宠物	?	pet	我家有一只宠物狗。
审查	v	to examine; review	申请需要经过审查。
审美	?	aesthetic; appreciation of beauty	每个人的审美不同。
客人	?	guest; customer	家里来了客人。
客厅	?	living room	我在客厅看电视。
客户	?	client; customer	我们要了解客户的需要。
客气	a	polite; courteous	你太客气了。
客观	?	objective	客观事实
宣传	v	to publicize; promote	学校正在宣传这个活动。
宣扬	v	to promote; publicize	他总爱宣扬自己的成绩。
宣泄	v	to vent; release	运动可以宣泄压力。
室	?	room (suffix)	会议室在二楼。
宫殿	?	palace	这座宫殿有几百年历史。
害怕	a	afraid; scared	我有点儿害怕。
害羞	?	shy; to be shy	她有点儿害羞。
家	?	home; family	我家有三个人。
家乡	?	hometown	我的家乡很美。
家人	?	family member	我爱我的家人。
家伙	?	fellow; guy; thing	那个家伙跑得真快。
家具	?	furniture	我想买新家具。
家务	?	household chores	我想了解家务。
家喻户晓	?	known to every household	这个名字家喻户晓。
家属	?	family member	病人的家属在外面等。
家常	?	daily family matters; homestyle	他们坐下来聊家常。
家庭	?	family	我想了解家庭。
容忍	v	to tolerate; put up with	我不能容忍这种行为。
容易	a	easy	这个问题很容易。
容纳	v	to hold; accommodate	这个教室能容纳一百人。
宽	a	wide	这条路很宽。
宽容	?	tolerant; forgiving; tolerance	我们要学会宽容别人。
宽敞	?	spacious	这个房间很宽敞。
宾馆	?	hotel	宾馆离机场很近。
宿舍	?	dormitory	在宿舍
寂寞	?	lonely	他很寂寞。
寂静	?	silent; quiet	夜里四周一片寂静。
寄	v	to mail; to send	我去邮局寄东西。
寄托	v	to place hopes or feelings on	父母把希望寄托在孩子身上。
密切	?	close; intimate	我们保持密切联系。
密码	?	password	我忘记密码了。
富	a	rich	他家很富。
富裕	?	wealthy; well-off	这个村子越来越富裕。
寒假	?	winter vacation	学生开始放寒假了。
寒暄	v	to exchange greetings; small talk	见面后我们寒暄了几句。
寓言	?	fable; allegory	这个寓言很有意思。
对	prep	correct; toward; to	你说得对。
对不起	?	sorry	对不起。
对了	?	by the way	对了，还有一件事
对于	prep	with regard to	对于我来说，这很重要。
对付	v	to deal with; handle	这个问题不好对付。
对待	v	to treat	对待病人
对手	?	opponent; rival	他是一名对手。
对抗	v	to resist; oppose; confront	两队正在激烈对抗。
对方	?	the other side; the other party	我想了解对方。
对比	v	to compare; contrast	对比两个方法
对照	v	to compare; comparison	请把两份数据对照一下。
对立	?	opposed; opposition	两种观点完全对立。
对策	?	countermeasure; solution	我们需要想一个对策。
对联	?	Spring Festival couplet; antithetical couplet	春节时我们贴对联。
对话	?	dialogue; to talk	请听这段对话。
对象	?	target; object	我想了解对象。
对面	?	opposite side	学校就在对面。
寺庙	?	temple	山上有一座古寺庙。
寻找	v	to look for	我正在寻找一个办法。
寻觅	v	to seek; look for	他一直在寻觅机会。
导游	?	tour guide	他是导游。
导演	?	director; to direct	导演电影
导致	v	to cause; lead to	压力太大会导致失眠。
导航	?	navigation; to navigate	开车时我用手机导航。
封	mw	measure word for letters or emails	我收到一封邮件。
封建	?	feudal	这是封建社会的制度。
封锁	v	to block; seal off	道路被警方封锁了。
封闭	v	to close; sealed	这条路暂时封闭。
射(击)	v	to shoot	他正在练习射击。
将来	?	future	将来我想当老师。
将近	?	nearly; close to	会议开了将近两个小时。
尊严	?	dignity	每个人都有尊严。
尊敬	v	to respect	学生都很尊敬老师。
尊重	v	to respect	我们应该尊重别人。
小	a	small; little	我有小猫。
小伙子	?	young man	他是小伙子。
小区	?	residential community	我住在这个小区。
小号	?	small size	有小号的吗？
小吃	?	snack; local specialty	我喜欢吃小吃。
小姐	?	Miss; young lady	小姐，您好。
小学	?	primary school	孩子在小学上学。
小学生	?	primary school student	他是小学生。
小孩儿	?	child; kid	小孩儿在玩。
小心	a	careful; be careful	路上小心。
小心翼翼	?	very carefully; cautiously	她小心翼翼地打开盒子。
小时	?	hour	我学习了两个小时。
小时候	?	childhood	我小时候喜欢画画。
小朋友	?	child; little friend	小朋友在玩。
小说	?	novel	我喜欢看小说。
少	a	few; little; less	这个商店人很少。
尖端	?	cutting-edge; advanced	这是尖端技术。
尚且	?	even; still	这么简单的题他尚且不会。
尝	v	to taste	你尝一下这个菜。
尝试	v	to try; attempt	我想尝试一个新方法。
尤其	adv	especially	我喜欢水果，尤其是苹果。
就	adv	then; just; right away	好，就买这个。
就业	v	to get employed; employment	大学生很关心就业问题。
就是	adv	exactly; just; that is	就是这个。
就职	v	to take office; start a job	她下个月去新公司就职。
就行	?	will do; is enough	这样就行
就近	?	nearby; at the nearest place	我们就近找一家餐厅吧。
就餐	v	to dine; eat a meal	请到二楼就餐。
尴尬	?	awkward; embarrassed	现场气氛很尴尬。
尸体	?	corpse; dead body	警方发现了尸体。
尽(力)	v	to try one's best	尽力帮助别人
尽快	?	as soon as possible	请尽快回复。
尽管	conj	although; despite	尽管很累，他还是来了。
尽量	?	as much as possible	我会尽量早点儿来。
尾巴	?	tail	这只狗的尾巴很长。
局部	?	partial; local	这是局部问题。
局限	?	limitation; to limit	这个方法有一定局限。
屁股	?	bottom; buttocks	孩子坐在地上，屁股都脏了。
层	?	floor; layer	我住在五层。
层出不穷	v	to emerge one after another	新的问题层出不穷。
层次	?	level; layer	这篇文章层次很清楚。
居住	v	to live; reside	我在这里居住了五年。
居民	?	resident	这里的居民很友好。
居然	?	unexpectedly	他居然忘了。
屈服	v	to give in; surrender	他不会向困难屈服。
届	?	session; year; class	这一届学生
屋(子)	?	house; room	我去过这个屋(子)。
屋子	?	room; house	屋子里很安静。
屏幕	?	screen	屏幕上显示了价格。
屑	?	shavings; scraps	地上有一些木屑。
展开	v	to unfold; carry out	我们展开了讨论。
展望	v	to look ahead; outlook	我们一起展望未来。
展现	v	to show; display	照片展现了深海世界。
展示	v	to display; show	请展示一下你的作品。
属于	v	to belong to	这本书属于我。
屡次	?	repeatedly; time and again	他屡次迟到。
履行	v	to fulfill; carry out	我们要履行承诺。
山	?	mountain; hill	周末我们去爬山。
山脉	?	mountain range	远处是一条长长的山脉。
岁	?	years old	你几岁？
岁月	?	years; time	岁月改变了很多事情。
岂有此理	?	how unreasonable; outrageous	这样收费，真是岂有此理！
岔	v	to change direction/topic	他突然把话题岔开了。
岗位	?	post; position	他在新的岗位工作。
岛屿	?	island	我想了解岛屿。
岩石	?	rock	海边有很多岩石。
岸	?	bank; shore; coast	船慢慢靠岸了。
峡谷	?	canyon; gorge	河流穿过深深的峡谷。
崇拜	v	to admire; idolize	很多人崇拜这位运动员。
崇敬	v	to respect deeply	我很崇敬这位科学家。
崇高	?	noble; lofty	这是一个崇高的理想。
崩溃	v	to collapse; break down	系统突然崩溃了。
崭新	?	brand-new	这是一个崭新的开始。
川流不息	?	flowing continuously; in an endless stream	街上的车辆川流不息。
州	?	prefecture; state	这个州人口很多。
工业	?	industry	我想了解工业。
工人	?	worker	他是一名工人。
工作	v	to work; work	我在学校工作。
工作日	?	weekday; workday	今天是工作日。
工具	?	tool	这是我的工具。
工厂	?	factory	他在工厂工作。
工程师	?	engineer	他是一名工程师。
工艺品	?	handicraft; artware	这是一件漂亮的工艺品。
工资	?	salary; wages	他的工资很高。
左	?	left	往左拐
左右	?	around; approximately	他三十岁左右。
左边	?	left side	我坐在左边。
巧克力	?	chocolate	我喜欢吃巧克力。
巧妙	?	ingenious; clever	这个办法很巧妙。
巨大	?	huge	这个变化很巨大。
差	v	to lack; short of; poor	现在差一刻八点。
差不多	adv	almost; about the same	我们俩差不多高。
差别	?	difference	这两种方法差别不大。
差异	?	difference	我想了解差异。
差距	?	gap; difference	我想了解差距。
已经	adv	already	我已经吃饭了。
巴不得	v	to be eager for; wish very much	我巴不得马上放假。
巷	?	lane; alley	我住在一条小巷里。
市区	?	urban area; downtown	我住在市区。
市场	?	market	我去过这个市场。
布	?	cloth	这是一块布。
布局	?	layout; arrangement	这个房间布局很合理。
布置	v	to arrange; assign	老师布置了作业。
帅	a	handsome	他很帅。
师傅	?	master worker; skilled worker	他是师傅。
希望	v	to hope; to wish	我希望明天天气好。
帐篷	?	tent	我们在山里搭了帐篷。
带	v	to bring; to take; to carry	别忘了带手机。
带领	v	to lead	老师带领学生参观博物馆。
帮	v	to help	请帮我一下。
帮助	v	to help; help	谢谢你的帮助。
帮忙	v	to help; do a favor	请帮个忙。
常	adv	often; frequently	我常来这里。
常常	adv	often; frequently	常常下雨
常用	?	commonly used; often use	这是一个常用的词。
常见	a	common; often seen	这个问题很常见。
常识	?	common knowledge	我想了解常识。
帽子	?	hat; cap	他的帽子是黑色的。
幅	mw	measure word for paintings	一幅画
幅度	?	range; extent	价格上涨幅度不大。
幢	mw	measure word for buildings	前面有一幢高楼。
干	v	to do; work	你在干什么？
干净	a	clean	房间很干净。
干劲	?	enthusiasm; drive	大家工作干劲很足。
干吗	v	to do what; why	你在干吗
干扰	v	to disturb; interfere	请不要干扰别人学习。
干旱	?	drought; dry	这里连续几年干旱。
干杯	?	cheers; toast	来，干杯！
干活儿	v	to work	他正在院子里干活儿。
干涉	v	to interfere	不要干涉别人的选择。
干燥	?	dry	冬天天气很干燥。
干脆	?	simply; just	太晚了，干脆明天再去吧。
干预	v	to intervene	家长不应过度干预。
平	?	flat; level	这条路很平。
平凡	?	ordinary; common	他过着平凡的生活。
平原	?	plain	这片平原很辽阔。
平均	?	average	平均年龄是三十岁。
平坦	?	flat; level	这条路很平坦。
平安	a	safe; well	祝你一路平安。
平常	?	ordinary; usual	今天和平常一样。
平庸	?	mediocre; ordinary	他不想过平庸的生活。
平时	adv	usually; ordinary times	我平时坐地铁上班。
平等	?	equal	人人应该平等。
平行	?	parallel	这两条线互相平行。
平衡	?	balanced; balance	工作和生活要保持平衡。
平静	?	calm; peaceful	他很平静。
平面	?	flat surface; plane	这张图是平面图。
年	?	year	我今年二十岁。
年代	?	decade; era	我记得那个年代。
年度	?	annual; year	这是我们的年度计划。
年级	?	grade; year in school	他上三年级。
年纪	?	age	我想了解年纪。
年轻	a	young	她很年轻。
年龄	?	age	年龄不是问题。
并	conj	and; moreover; actually (used for emphasis)	我并不知道。
并且	conj	and; moreover	他聪明，并且很努力。
并列	v	to place side by side; parallel	两个名字并列第一。
并非	?	not actually; by no means	成功并非偶然。
幸亏	?	fortunately	幸亏你提醒我。
幸福	a	happy; happiness	他很幸福。
幸运	a	lucky	他很幸运。
幻想	?	fantasy	我想了解幻想。
幼儿园	?	kindergarten	孩子在幼儿园上学。
幼稚	?	childish; immature	这个想法太幼稚了。
幽默	?	humorous	他很幽默。
广告	?	advertisement	我在看广告。
广场	?	square; plaza	我想了解广场。
广大	?	vast; extensive	广大地区
广播	?	broadcast; radio	我在听广播。
广泛	a	wide; extensive	广泛使用
广阔	?	vast; broad	海洋非常广阔。
庄严	?	solemn; dignified	会场气氛很庄严。
庄稼	?	crops	今年庄稼长得很好。
庄重	?	solemn; dignified	正式场合要穿得庄重。
庆祝	v	to celebrate	大家一起庆祝生日。
床	?	bed	房间里有两张床。
序言	?	preface; foreword	我先读了这本书的序言。
库	?	storehouse; database	资料都放在数据库里。
应付	v	to cope with; handle	这个问题不容易应付。
应用	v	to apply; use	应用这个方法
应聘	v	to apply for a job	我想应聘这个工作。
应该	mv	should; ought to	你应该多休息。
应邀	?	at the invitation of; invited	他应邀参加会议。
底	?	bottom	鞋底有点儿脏。
店	?	shop; store	这家店很大。
庞大	?	huge; enormous	这是一个庞大的计划。
废	?	waste; useless	这些是废纸。
废寝忘食	v	to forget food and sleep from hard work	他为了研究废寝忘食。
度	?	degree (temperature)	今天十度。
度过	v	to spend; pass	我们一起度过周末。
座	mw	measure word for buildings/bridges	前面有一座桥。
座位	?	seat	这是我的座位。
座右铭	?	motto	“坚持”是他的座右铭。
庸俗	?	vulgar; lowbrow	这个笑话有点儿庸俗。
延伸	v	to extend; stretch	这条路一直延伸到海边。
延续	v	to continue; last	这种传统延续了很多年。
延长	v	to extend; prolong	会议延长了半小时。
建立	v	to establish	建立关系
建筑	?	building; architecture	我去过这个建筑。
建议	?	suggestion; to suggest	我有一个建议。
建设	v	to build; construct	这里正在建设新学校。
开	v	to drive; to open; to start	他会开车。
开会	v	to have a meeting	我们下午开会。
开发	v	to develop	开发新产品
开始	v	to begin; to start	现在开始上课。
开学	?	school begins	明天开学。
开展	v	to carry out; launch	学校开展了新活动。
开幕式	?	opening ceremony	我想了解开幕式。
开心	a	happy; glad	我很开心。
开拓	v	to open up; develop	公司正在开拓海外市场。
开支	?	expense; spending	房租是最大的生活开支。
开放	v	to open to the public	博物馆九点开放。
开明	?	open-minded; enlightened	他的父母很开明。
开机	v	to turn on a device	手机开机了吗？
开水	?	boiled water	请喝点儿开水。
开玩笑	v	to joke; to be kidding	他很喜欢开玩笑。
开花	v	to bloom; flower	春天树开花了。
开车	v	to drive	他会开车。
开辟	v	to open up; develop	人们在山上开辟了梯田。
开阔	?	broad; open; broaden	旅行可以开阔眼界。
异常	?	unusual; abnormal; extremely	今天的天气异常冷。
弄	v	to do; make; handle	别把衣服弄脏了。
引导	v	to guide; lead	老师引导学生思考。
引擎	?	engine	汽车引擎出了问题。
引用	v	to quote; cite	文章引用了这项研究。
引起	v	to cause; lead to	这件事引起了大家的注意。
弟弟	?	younger brother	我弟弟是学生。
张	mw	measure word for flat objects	我有一张桌子。
弥漫	v	to fill the air; spread	房间里弥漫着咖啡香。
弥补	v	to make up for; remedy	努力可以弥补经验不足。
弦	?	string of a musical instrument	琴有几根弦。
弱	a	weak	他的身体比较弱。
弱点	?	weakness	每个人都有弱点。
弹性	?	elasticity; flexibility	这种材料有弹性。
弹钢琴	v	to play the piano	她喜欢弹钢琴。
强制	v	to force; compulsory	学校不强制学生参加。
强烈	a	strong; intense	反应很强烈。
强调	v	to emphasize	老师强调了这个重点。
强迫	v	to force; compel	不要强迫孩子做不喜欢的事。
归根到底	?	ultimately; in the final analysis	归根到底，健康最重要。
归纳	v	to summarize; infer	请归纳一下主要内容。
归还	v	to return	请按时归还图书。
当	?	when; at the time of	当我到家的时候，他在看电视。
当代	?	contemporary; modern	这是当代艺术作品。
当初	?	at the beginning; originally	当初我并不想来这里。
当前	?	current; present	这是当前最重要的问题。
当务之急	?	top priority; most urgent task	当务之急是解决问题。
当地	?	local	我喜欢当地文化。
当场	?	on the spot; immediately	他当场道歉。
当时	?	at that time	我当时很忙。
当然	?	of course	当然可以。
当面	?	face to face; in person	有问题可以当面说。
录取	v	to admit; enroll	学校录取了他。
形势	?	situation	我想了解形势。
形容	v	to describe	形容景色
形式	?	form; mode	我想了解形式。
形态	?	form; shape	这种植物形态很特别。
形成	v	to form; take shape	这个习惯慢慢形成了。
形状	?	shape	我想了解形状。
形象	?	image; vivid	他的说明很形象。
彩票	?	lottery ticket	他买了一张彩票。
彩虹	?	rainbow	雨后出现了彩虹。
影响	v	to influence; effect	天气影响了比赛。
影子	?	shadow	地上有我的影子。
彻底	?	thorough; complete	问题已经彻底解决了。
彼此	?	each other	我想了解彼此。
往	prep	toward; in the direction of	往前走。
往事	?	past events; memories	他常想起小时候的往事。
往常	adv	usually; in the past	今天他比往常早。
往往	adv	often; usually	他周末往往在家。
征服	v	to conquer; overcome	他终于征服了这座高山。
征求	v	to seek; ask for	我们先征求大家的意见。
待	v	to stay	我在北京待三天。
待遇	?	pay and benefits	我想了解待遇。
很	adv	very	我很好。
律师	?	lawyer	他是律师。
徒弟	?	apprentice; disciple	他收了一个徒弟。
得	part	structural particle after a verb, before a complement	他说得很快。
得不偿失	?	the loss outweighs the gain	为了省一点钱冒险，得不偿失。
得分	v	to score; score points	他在比赛中得了十分。
得到	v	to get; obtain	我得到了老师的帮助。
得力	?	capable; effective; helpful	他是经理的得力助手。
得天独厚	?	uniquely favorable; naturally advantaged	这里有得天独厚的自然条件。
得意	?	pleased with oneself	他很得意。
得罪	v	to offend	我不想得罪别人。
徘徊	v	to wander; pace back and forth	他在门口徘徊了很久。
循序渐进	?	step by step	学习要循序渐进。
循环	v	to circulate; cycle	血液在身体里循环。
微不足道	?	tiny; insignificant	这点困难微不足道。
微笑	v	to smile; smile	她对我微笑。
心得	?	what one has learned; insight	请分享一下学习心得。
心态	?	mindset; mentality	比赛时要保持好心态。
心情	?	mood	我今天心情很好。
心灵	?	mind; soul	音乐能让心灵放松。
心理	?	psychology; mentality	我想了解心理。
心甘情愿	?	willingly; with all one's heart	我心甘情愿帮助他。
心疼	v	to feel sorry for; cherish	妈妈很心疼孩子。
心眼儿	?	mind; intention; way of thinking	他心眼儿很好。
心脏	?	heart	我的心脏有点儿疼。
心血	?	effort; painstaking work	这本书花了作者很多心血。
心里	?	in one’s heart; inside	我心里很高兴。
必然	?	inevitable; certain	这是必然结果。
必要	?	necessary; essential	很有必要。
必须	mv	must; have to	你必须早点儿睡觉。
忌讳	?	taboo; to avoid	他很忌讳别人问年龄。
忍不住	?	cannot help doing	我忍不住笑了。
忍受	v	to endure; bear	我无法忍受这么大的噪音。
忍耐	v	to endure; be patient	再忍耐一下，马上就到了。
志愿者	?	volunteer	我想了解志愿者。
志气	?	ambition; spirit	年轻人要有志气。
忘	v	to forget	我忘了。
忘记	v	to forget	别忘记带手机。
忙	a	busy	我今天很忙。
忙碌	a	busy	最近工作很忙碌。
忠实	?	loyal; faithful	他是球队的忠实球迷。
忠诚	?	loyal; faithful	他对朋友很忠诚。
忧郁	?	depressed; melancholy	他最近看起来有点儿忧郁。
快	a	fast; quickly	他跑得很快。
快乐	a	happy; glad	祝你生日快乐。
快活	a	happy; cheerful	孩子们玩得很快活。
快要	?	about to; on the verge of	快要下雨了。
快递	?	express delivery; to send by express	我的快递到了。
念	v	to study; read	他在大学念书。
忽然	adv	suddenly	天忽然下雨了。
忽略	v	to ignore; overlook	不要忽略这个问题。
忽视	v	to ignore; overlook	忽视问题
怀念	v	to miss; feel nostalgic	我很怀念大学生活。
怀疑	v	to doubt; suspect	我怀疑他说的话。
态度	?	attitude	他的工作态度很好。
怎么	pron	how	这个字怎么读？
怎么办	?	what to do; what should one do	怎么办呢
怎么样	pron	how; how about	今天天气怎么样？
怎样	pron	how; what ... like	这个菜怎样？
怕	v	to fear; be afraid	别怕
思念	v	to miss; long for	我很思念家人。
思想	?	thought; thinking	我想了解思想。
思索	v	to think deeply; ponder	他低头思索了很久。
思维	?	thinking; way of thinking	他的思维很清楚。
思考	v	to think deeply	我需要时间思考。
怠慢	v	to neglect; treat coldly	客人来了不能怠慢。
急	?	anxious; urgent; in a hurry	别急，慢慢来。
急于求成	v	to be eager for quick success	学语言不能急于求成。
急切	?	eager; urgent	他急切地想知道结果。
急剧	?	rapid; sharp	气温急剧下降。
急功近利	v	to seek quick success and immediate gain	做研究不能急功近利。
急躁	?	impatient; irritable	遇到问题不要急躁。
性	?	sex; gender; nature (suffix)	可能性。
性别	?	sex; gender	他的性别是男。
性命	?	life	医生救了他的性命。
性格	?	character; personality	他的性格很好。
性能	?	performance; function	这台电脑性能很好。
总	adv	always; all the time	他总是很忙。
总之	?	in short; in brief	总之，我们先试试。
总共	?	altogether; in total	我们总共有十个人。
总和	?	sum; total	这几个数字的总和是十。
总是	adv	always	他总是很忙。
总算	adv	finally; at last	我们总算到了。
总结	v	to summarize; summary	我们总结一下经验。
总而言之	?	all in all; in short	总而言之，我们要早点儿睡。
总裁	?	company president	他是一名总裁。
恋爱	?	romantic love	我想了解恋爱。
恍然大悟	v	to suddenly realize	听完解释，我恍然大悟。
恐怕	?	I am afraid; probably	恐怕今天不行。
恐怖	?	terrifying; horror	这部电影有点儿恐怖。
恐惧	?	fear; to fear	他心里充满恐惧。
恢复	v	to recover; restore	他的身体已经恢复了。
恨	v	to hate	我不恨他。
恨不得	v	to wish one could; be eager to	我恨不得马上见到他。
恭敬	?	respectful	他对老人很恭敬。
恰到好处	?	just right; to the point	这个颜色用得恰到好处。
恰巧	?	by chance; just happened to	我去找他时，他恰巧在家。
恰当	?	appropriate; proper	这个例子很恰当。
恳切	?	sincere; earnest	他的态度很恳切。
恶劣	a	bad; harsh	天气条件很恶劣。
恶化	v	to worsen; deteriorate	病情突然恶化。
恶心	?	disgusting; nauseous	这个味道让我恶心。
恼火	?	annoyed; angry	这件事让我很恼火。
悄悄	?	quietly; secretly	他悄悄走了。
悔恨	v	to regret deeply	他为当年的决定感到悔恨。
悠久	?	long-standing; long	中国历史很悠久。
患者	?	patient	医生正在和患者谈话。
您	pron	you (polite)	您好。
悬崖峭壁	?	steep cliffs	山里有很多悬崖峭壁。
悬挂	v	to hang; suspend	墙上悬挂着一幅画。
悬殊	?	widely different; large gap	两队实力悬殊。
悲(伤)	a	sad; sorrowful	心情很悲伤。
悲哀	a	sad; sorrow	这是一个悲哀的故事。
悲惨	?	miserable; tragic	故事的结局很悲惨。
情况	?	situation; condition	现在情况怎么样？
情形	?	situation; circumstance	我了解当时的情形。
情报	?	intelligence; information	警方收到重要情报。
情景	?	scene; situation	我想了解情景。
情理	?	reason; common sense	这个要求合乎情理。
情绪	?	emotion; mood	我想了解情绪。
惊动	v	to alarm; disturb	声音太大，惊动了邻居。
惊奇	?	surprised; amazed	看到变化，我很惊奇。
惊讶	?	surprised; amazed	听到结果，我很惊讶。
惦记	v	to keep thinking about; be concerned about	妈妈一直惦记着我。
惩罚	v	to punish; punishment	做错事可能受到惩罚。
惭愧	?	ashamed	他很惭愧。
惯例	?	usual practice; convention	按惯例，会议九点开始。
想	v	to want; would like; to think	我想喝茶。
想念	v	to miss	想念家人
想方设法	v	to think of every possible way	我们要想方设法解决问题。
想法	?	idea; thought	我有一个想法。
想象	v	to imagine	你能想象那里的生活吗？
惹祸	v	to cause trouble	别乱动机器，小心惹祸。
愈	v	to recover; heal	他的病慢慢愈了。
愉快	a	happy; cheerful	今天很愉快。
意义	?	meaning; significance	我想了解意义。
意向	?	intention; willingness	他表达了合作意向。
意味着	v	to mean; signify	这意味着我们成功了。
意图	?	intention; purpose	我不明白他的意图。
意外	?	unexpected; accident	这个结果很意外。
意志	?	will; determination	他有很强的意志。
意思	?	meaning	这个字是什么意思？
意料	?	expectation	结果出乎意料。
意见	?	opinion; suggestion	我有一个意见。
意识	?	awareness; consciousness; to realize	我意识到自己错了。
愚蠢	?	stupid; foolish	这是一个愚蠢的决定。
感	?	sense; feeling (suffix/noun)	幸福感。
感兴趣	v	to be interested in	我对汉语很感兴趣。
感冒	v	to catch a cold; cold	我感冒了。
感到	v	to feel	我感到很开心。
感动	v	to move; touched	这个故事很感动我。
感受	v	to feel; feeling	我能感受到他的关心。
感情	?	feeling; affection	他们感情很好。
感想	?	thoughts; impressions	我想了解感想。
感慨	v	to sigh with emotion; feel deeply	看到变化，他很有感慨。
感染	v	to infect; influence; move	他的热情感染了大家。
感激	v	to feel grateful	我很感激你的帮助。
感觉	?	feeling; to feel	我感觉好多了。
感谢	v	to thank	非常感谢你。
愣	v	to stare blankly; be stunned	听到这句话，他愣了一下。
愤怒	a	angry; anger	听到这个消息，他很愤怒。
愿意	v	to be willing; would like	我愿意帮助你。
愿望	?	wish; desire	我想了解愿望。
慈善	?	charity; charitable	他参加了慈善活动。
慈祥	?	kindly; benevolent	奶奶笑得很慈祥。
慌(张)	?	flustered; panicked	别慌张。
慌张	?	flustered; nervous	他很慌张。
慎重	a	careful; cautious	这个决定要慎重。
慢	a	slow; slowly	你走得太慢了。
慢性	?	chronic	这是慢性疾病。
慷慨	?	generous	他对朋友很慷慨。
憋	v	to hold back; suppress	他把笑憋住了。
懂	v	to understand	我听懂了。
懂得	v	to understand; know how to	我懂得你的意思。
懒	?	lazy	他很懒。
懒惰	?	lazy	他太懒惰，不愿运动。
戏剧	?	drama; play	我想了解戏剧。
成为	v	to become	我们成了好朋友。
成人	?	adult	成人票比儿童票贵。
成分	?	component; ingredient	我想了解成分。
成功	?	successful; to succeed	他终于成功了。
成员	?	member	她是团队成员。
成天	?	all day long	他成天忙着工作。
成就	?	achievement	我想了解成就。
成心	?	deliberately; on purpose	他不是成心迟到。
成效	?	result; effect	这个办法已经有了成效。
成本	?	cost	这个产品的成本很高。
成果	?	achievement; result	我想了解成果。
成熟	v	to mature; mature	他比以前成熟多了。
成立	v	to establish; set up	公司去年成立。
成绩	?	grade; result; achievement	这次考试成绩很好。
成语	?	idiom	我想了解成语。
成长	v	to grow up	孩子正在慢慢成长。
我	pron	I; me	我是学生。
我们	pron	we; us	我们是同学。
戒	v	to quit; give up	戒烟
或	conj	or	坐车或走路都可以。
或者	conj	or (in statements)	我喝茶或者咖啡都可以。
或许	adv	perhaps; maybe	他或许会来。
战争	?	war	我想了解战争。
战役	?	battle; campaign	这是一场重要战役。
战术	?	tactics	教练调整了比赛战术。
战略	?	strategy	公司调整了发展战略。
截止	v	to stop; deadline	报名截止到周五。
截至	?	up to; as of	截至今天，已有一百人报名。
戴	v	to wear (accessories)	他戴着眼镜。
房东	?	landlord	他是房东。
房子	?	house; apartment	这个房子很大。
房租	?	rent (for housing)	这个房租不贵。
房间	?	room	我的房间很小。
所	part	used in passive-like attributive structures	这是我所知道的。
所以	conj	so; therefore	今天很冷，所以我不出去。
所有	?	all	所有人都来了。
所谓	?	so-called	这就是所谓的成功吗？
扁	?	flat	这个盒子又长又扁。
扇子	?	fan	夏天可以用扇子。
手	?	hand	我的手很冷。
手指	?	finger	我的手指有点儿疼。
手机	?	mobile phone; cellphone	我的手机在哪儿？
手法	?	technique; method	这幅画的手法很特别。
手续	?	procedure; formalities	我想了解手续。
手艺	?	craftsmanship; skill	他的木工手艺很好。
手表	?	watch; wristwatch	这是我的手表。
才	adv	just; only then	我八点才到家。
才干	?	talent; ability	他很有管理才干。
扎	v	to plunge; prick; stick	一根刺扎进了手里。
扎实	?	solid; sound	他的基础很扎实。
扑	v	to pounce; rush at	小狗一看见我就扑过来。
扒	v	to hold on to; pull aside	孩子扒着窗户往外看。
打	v	to play	打网球
打交道	v	to deal with; make contact with	我经常跟顾客打交道。
打仗	v	to fight a war	过去这里经常打仗。
打击	?	blow; strike; setback	失败对他是很大打击。
打包	v	to pack	请把这些书打包。
打印	v	to print	请帮我打印材料。
打听	v	to inquire about	打听消息
打官司	v	to go to court; file a lawsuit	他们因为合同打官司。
打工	v	to work a temporary job	他假期去打工。
打开	v	to open	请打开门。
打扫	v	to clean; to sweep	我周末打扫房间。
打扮	v	to dress up	她打扮得很漂亮。
打扰	v	to disturb; bother	不好意思，打扰一下。
打折	v	to give a discount; be on sale	这件衣服打折了。
打招呼	v	to greet; say hello	见到老师要打招呼。
打架	v	to fight	不要和别人打架。
打猎	v	to hunt	过去有人靠打猎生活。
打电话	v	to make a phone call	我给妈妈打电话。
打算	v	to plan; plan	你周末有什么打算？
打篮球	v	to play basketball	我喜欢打篮球。
打车	v	to take/hail a taxi	我们打车去机场。
打量	v	to look someone/something up and down	他上下打量了我一番。
打针	v	to give/get an injection	他正在打针。
扔	v	to throw away	请把垃圾扔掉。
扣	v	to deduct; fasten	工资里扣了五十元。
执着	?	persistent; dedicated	他对摄影非常执着。
扩(大)	v	to expand; enlarge	公司准备扩大市场。
扩充	v	to expand; enlarge	公司正在扩充团队。
扫码	v	to scan a QR code	请扫码支付。
扭转	v	to reverse; turn around	新办法扭转了局面。
扮演	v	to play a role	他在电影中扮演医生。
扰乱	v	to disturb; disrupt	噪音扰乱了我的睡眠。
扶	v	to support with one's hand	扶老人
批	?	batch; group	一批学生
批准	v	to approve	经理批准了这个计划。
批评	v	to criticize	老师没有批评他。
找	v	to look for	我在找手机。
承办	v	to undertake; organize	学校承办这次比赛。
承包	v	to contract; undertake	他承包了一块土地。
承受	v	to bear; endure	承受压力
承担	v	to undertake; shoulder	承担责任
承认	v	to admit; acknowledge	承认错误
承诺	v	to promise; promise	他承诺一定会来。
技巧	?	skill; technique	学习语言需要一些技巧。
技术	?	technology; skill	我想学习新技术。
把	mw	measure word for handled objects; disposal marker	这是一把伞。
把关	v	to check; ensure quality	专家要为质量把关。
把手	?	handle	门把手坏了。
把握	?	assurance; confidence	我对这件事很有把握。
抓	v	to grab; catch	他一把抓住了我的手。
抓紧	v	to seize; hurry up	我们要抓紧时间。
投入	v	to invest; input; devoted	投入时间
投机	?	congenial; to speculate	我们第一次见面就很投机。
投票	v	to vote	大家投票决定结果。
投篮	v	to shoot a basket	他正在练习投篮。
投诉	v	to complain; file a complaint	客户打电话投诉服务。
投资	v	to invest; investment	他把钱投资在教育上。
折	v	to fold; bend	请把纸折一下。
折磨	v	to torment; torture	失眠一直折磨着他。
折腾	v	to toss about; make trouble	昨晚我一夜没睡，一直折腾。
抚摸	v	to stroke; caress	她轻轻抚摸小猫。
抛弃	v	to abandon; discard	不要随便抛弃朋友。
抢	v	to snatch; rob	不要抢别人的东西。
抢劫	v	to rob; robbery	商店昨晚发生了抢劫。
抢救	v	to rescue; save urgently	医生正在抢救病人。
护士	?	nurse	他是护士。
护照	?	passport	别忘了带护照。
报名	v	to register; sign up	我已经报名考试了。
报告	?	report	我想了解报告。
报社	?	newspaper office	我去过这个报社。
报纸	?	newspaper	我看报纸。
报警	v	to call the police	遇到危险要及时报警。
报道	v	to report; report	报道新闻
报酬	?	payment; reward	这份工作的报酬不错。
抬	v	to lift; raise	请抬一下头。
抱	v	to hold; hug	妈妈抱着孩子。
抱怨	v	to complain	他总是抱怨工作太忙。
抱歉	v	to be sorry; sorry	很抱歉，我来晚了。
抱负	?	ambition; aspiration	他从小就有远大抱负。
抵抗	v	to resist; resistance	身体需要力量抵抗疾病。
抵达	v	to arrive	我们下午抵达北京。
押金	?	deposit	租房要先交押金。
抽烟	v	to smoke	他正在抽烟。
抽象	?	abstract	这个概念比较抽象。
拄	v	to lean on; support with	他拄着拐杖慢慢走。
担任	v	to serve as; hold a post	他担任公司经理。
担保	v	to guarantee	我可以担保他会来。
担心	v	to worry	别担心，我很好。
拉	v	to pull	请拉开门。
拍	v	to take a photo; shoot	拍照片
拍照	v	to take a photo	我们在这里拍照吧。
拐	v	to turn	往左拐
拐杖	?	walking stick; crutch	老人拄着拐杖走路。
拒绝	v	to refuse; reject	他拒绝了邀请。
拔苗助长	v	to spoil things by excessive haste	学习不能拔苗助长。
拖延	v	to delay; put off	不要再拖延时间。
拘束	?	restrained; uncomfortable	第一次见面有点儿拘束。
拘留	v	to detain; detention	嫌疑人被警方拘留。
招待	v	to receive; entertain	招待客人
招收	v	to recruit; enroll	学校今年招收新学生。
招聘	v	to recruit	公司正在招聘员工。
拜年	v	to pay a New Year visit	春节我们去给爷爷奶奶拜年。
拜托	v	to ask a favor; please	这件事就拜托你了。
拜访	v	to visit; pay a visit	明天我要拜访一位老师。
拟定	v	to draft; formulate	我们拟定了一个计划。
拣	v	to pick; select	他从地上拣起一块石头。
拥护	v	to support; endorse	大家拥护这个决定。
拥抱	v	to hug	她高兴地拥抱了妈妈。
拥挤	?	crowded	地铁里很拥挤。
拥有	v	to own; possess	这个城市拥有丰富资源。
拦	v	to stop; block	拦车
拨	v	to dial; move aside; allocate	我拨了他的电话号码。
拳头	?	fist	他握紧了拳头。
拼搏	v	to strive; fight hard	运动员在赛场上努力拼搏。
拽	v	to pull; drag	别拽我的衣服。
拿	v	to take; to hold	请拿一下这个。
拿手	v	to be good at; specialty	做饭是她的拿手好戏。
持久	?	lasting; enduring	运动要坚持才能有持久的效果。
持续	v	to continue; to last	会议持续了两个小时。
挂	v	to hang; hang up	请把衣服挂起来。
指	v	to point; refer to	他指着那座楼。
指令	?	instruction; command	系统收到新的指令。
指南针	?	compass	没有地图时可以用指南针。
指定	v	to designate; appoint	请到指定地点等候。
指导	v	to guide	老师指导我写作。
指挥	v	to command; direct	他负责指挥工作。
指数	?	index	这个指数最近下降了。
指望	v	to count on; hope for	别总指望别人帮你。
指标	?	target; indicator	今年的销售指标提高了。
指甲	?	fingernail; nail	她的指甲很短。
指责	v	to criticize; blame	不要一味指责别人。
按时	?	on time	请按时吃药。
按照	prep	according to	请按照计划做。
挑战	v	to challenge; challenge	挑战自己
挖掘	v	to dig; excavate	工人正在挖掘土地。
挡	v	to block	别挡路。
挣	v	to earn	他努力工作挣钱。
挣扎	v	to struggle	他在水里拼命挣扎。
挤	v	to squeeze	地铁里人很多，很挤。
挥	v	to wave	挥手
挨	v	to suffer; endure	他小时候挨过饿。
挪	v	to move; shift	请把椅子挪一下。
挫折	?	setback; frustration	每个人都会遇到挫折。
振兴	v	to revitalize; revive	政府希望振兴当地经济。
挺	adv	quite; rather	这个电影挺有意思。
挺拔	?	tall and straight	这些树长得很挺拔。
挽救	v	to save; rescue	医生挽救了他的生命。
捆绑	v	to tie; bind	请把这些箱子捆绑好。
捏	v	to pinch; hold between fingers	她捏了一下我的手。
捕捉	v	to catch; capture	猫很会捕捉老鼠。
捞	v	to scoop; fish out	他从水里捞起一个瓶子。
损坏	v	to damage	手机被摔坏了，屏幕也损坏了。
损失	?	loss; to lose	这次事故造成了损失。
捡	v	to pick up	我在地上捡到一把钥匙。
换	v	to change; to exchange	我想换一件衣服。
捣乱	v	to make trouble	别在课堂上捣乱。
捧	v	to hold in both hands	她捧着一杯热茶。
据悉	?	it is reported; according to information	据悉，项目下月开始。
据说	?	it is said	据说他已经回国了。
掀起	v	to set off; raise	比赛掀起了运动热潮。
掉	v	to fall; result complement	我的手机掉了。
掌握	v	to master; grasp	掌握方法
掏	v	to take out; pull out	他从口袋里掏出手机。
排列	v	to arrange in order	请按顺序排列。
排名	v	to rank; ranking	这家餐厅排名很高。
排放	v	to discharge; emission	工厂必须减少废气排放。
排斥	v	to reject; exclude	不要排斥新的想法。
排队	v	to line up	他正在排队。
排除	v	to eliminate; rule out	医生排除了这种可能。
探听	v	to inquire; sound out	他去探听消息。
探望	v	to visit; call on	周末我去医院探望朋友。
探测	v	to detect; probe	设备可以探测温度变化。
探索	v	to explore	科学家正在探索深海。
探讨	v	to discuss; explore	我们一起探讨这个问题。
接	v	to receive; to answer; to pick up	我接了一个电话。
接受	v	to accept	我接受你的建议。
接待	v	to receive; entertain	接待客人
接着	adv	then; next	你接着说吧。
接触	v	to contact; get in touch	接触新朋友
接近	v	to approach; be close to	我们已经接近目的地。
接连	?	one after another; in succession	这几天接连下雨。
控制	v	to control	请控制一下速度。
推	v	to push; postpone	请推一下门。
推广	v	to popularize; spread	推广这个方法
推测	v	to infer; guess	我只能根据情况推测。
推荐	v	to recommend	推荐这本书
推论	?	inference; conclusion	这个推论还需要证据。
推车	?	cart; trolley	把书放在推车上。
推迟	v	to postpone	会议推迟了。
推销	v	to promote; sell	他正在推销新产品。
掩盖	v	to cover up; conceal	事实是掩盖不了的。
掩饰	v	to conceal; cover up	他想掩饰自己的紧张。
措施	?	measure; step	我想了解措施。
揉	v	to rub	眼睛累了可以轻轻揉一下。
描写	v	to describe	描写景色
描绘	v	to describe; depict	作者描绘了美丽的海边。
提	v	to mention; bring up	我想提一个问题。
提供	v	to provide	公司提供午饭。
提倡	v	to advocate; encourage	学校提倡节约用水。
提前	?	in advance; ahead of time	我们提前十分钟到。
提炼	v	to extract; refine	我们要提炼文章重点。
提示	v	to remind; hint; prompt	系统会提示你保存文件。
提议	v	to propose; suggestion	他提议明天开会。
提醒	v	to remind	请提醒我。
提问	v	to ask a question	学生可以随时提问。
提高	v	to improve; to raise	我想提高数学成绩。
插	v	to insert	插花
插座	?	power socket	插座在桌子下面。
揭露	v	to expose; reveal	记者揭露了问题。
搓	v	to rub with the hands	他冷得直搓手。
搞	v	to do; produce a result	他正在搞一个新项目。
搬	v	to move; to carry	我下个月搬家。
搬家	v	to move house	我们下个月搬家。
搭	v	to put up; build; take (transport); match	他们在山上搭了一个帐篷。
搭档	?	partner; teammate	他是我最好的工作搭档。
搭配	v	to match; combine	这两个颜色很搭配。
携带	v	to carry; take along	旅行时不要携带太多行李。
摄影师	?	photographer	我想了解摄影师。
摄氏度	?	degree Celsius	今天最高三十摄氏度。
摆	v	to put; to place; to set in order	摆桌子
摆脱	v	to get rid of; break away from	我想摆脱这个坏习惯。
摇	v	to shake; wave	他摇了摇头。
摇摆	v	to sway; swing	树枝在风中摇摆。
摇滚	?	rock music	他很喜欢摇滚。
摊	v	to spread out	他把地图摊在桌上。
摔	v	to fall	怕摔
摔倒	v	to fall down	他正在摔倒。
摧残	v	to devastate; damage severely	长期压力会摧残身体。
摸	v	to touch; feel	摸头
摸索	v	to explore; figure out through practice	我们还在摸索新的方法。
撇	v	to throw; fling	他把东西往旁边一撇。
撒谎	v	to lie	小孩子也不应该撒谎。
撞	v	to bump into	两辆车撞在了一起。
播放	v	to play; to broadcast	播放音乐
播种	v	to sow	农民春天播种。
擅长	v	to be good at	她擅长写作。
操作	v	to operate; operation	这个机器操作很简单。
操劳	v	to work hard; toil	父母为孩子操劳了一辈子。
操场	?	playground	我去过这个操场。
操心	v	to worry about	他正在操心。
操纵	v	to operate; control	他会操纵这台机器。
擦	v	to wipe	请把桌子擦干净。
攀登	v	to climb	我们一起攀登高山。
攒	v	to save; accumulate	我攒钱准备旅行。
支	mw	measure word for long thin objects	一支笔
支付	v	to pay	我用手机支付。
支出	?	expense; expenditure	这个月家庭支出增加了。
支持	v	to support	我支持你的决定。
支撑	v	to support; sustain	这根柱子支撑着屋顶。
支柱	?	pillar; main support	旅游是当地经济支柱。
支配	v	to control; allocate	我们要学会支配自己的时间。
收	v	to receive	我收到礼物了。
收入	?	income	他的收入很高。
收到	v	to receive	我收到你的邮件了。
收拾	v	to tidy; pack	我正在收拾房间。
收益	?	income; gain; return	这个项目收益不错。
收缩	v	to shrink; contract	冷空气使材料收缩。
收获	?	gain; harvest	这次学习让我收获很多。
收藏	v	to collect; collection	他喜欢收藏邮票。
收费	v	to charge a fee	这里停车收费。
收音机	?	radio	爷爷每天听收音机。
改	v	to change; correct	这个字要改。
改变	v	to change	我想改变计划。
改善	v	to improve	改善生活
改良	v	to improve; modify	公司正在改良产品。
改进	v	to improve	改进方法
改革	v	to reform	公司正在进行改革。
攻击	v	to attack	野生动物受到攻击会反抗。
放	v	to put; to place	请把书放在桌子上。
放假	v	to have a holiday; be on vacation	学校明天放假。
放学	?	school lets out; finish school	我五点放学。
放射	v	to radiate; emit	太阳会放射热量。
放弃	v	to give up	不要放弃计划。
放心	v	to feel relieved; don't worry	你放心吧。
放暑假	v	to have summer vacation	学生开始放暑假了。
放松	v	to relax	周末我想放松一下。
政府	?	government	我想了解政府。
政策	?	policy	政府出台了新政策。
故乡	?	hometown	我很想念故乡。
故事	?	story	给我讲个故事吧。
故意	?	intentionally	他不是故意的。
故障	?	fault; malfunction	机器发生了故障。
效果	?	effect; result	这个办法效果很好。
效率	?	efficiency	我想了解效率。
效益	?	benefit; efficiency	公司今年效益不错。
敌(人)	?	enemy	他是一名敌人。
敏感	?	sensitive	他很敏感。
敏捷	?	quick; agile	猫的动作很敏捷。
敏锐	?	sharp; keen	她的观察很敏锐。
救	v	to save; rescue	救人
教	v	to teach	老师教我们汉语。
教养	?	upbringing; manners	他说话很有教养。
教学楼	?	classroom building	教学楼在前面。
教室	?	classroom	老师在教室里。
教师	?	teacher	她是一名教师。
教授	?	professor	他是教授。
教练	?	coach	他是我的游泳教练。
教育	?	education; to educate	父母要教育孩子。
教训	?	lesson; moral	我想了解教训。
敞开	v	to open wide	请把窗户敞开。
敢	v	to dare	我不敢一个人去。
散发	v	to give off; emit	花朵散发着香味。
散文	?	prose; essay	她喜欢读散文。
散步	v	to take a walk	晚饭后我去散步。
敬业	?	dedicated to one's work	她工作认真，非常敬业。
数	a	several	数十个人
数字	?	number; digit	这是一个数字。
数学	?	mathematics	数学比历史难。
数据	?	data	我想了解数据。
数量	?	quantity; amount	这个数量太多了。
数额	?	amount; sum	这笔钱数额很大。
敲	v	to knock	请先敲门。
整个	a	whole; entire	我整个下午都在学习。
整体	a	whole; entirety	我想了解整体。
整理	v	to tidy; organize	我在整理房间。
整齐	?	tidy; orderly	房间很整齐。
敷衍	v	to do perfunctorily	别敷衍我，认真回答。
文件包	?	briefcase	这个文件包是经理的。
文具	?	stationery	我想了解文具。
文化	?	culture	我喜欢中国文化。
文字	?	written language; writing	我想了解文字。
文学家	?	writer; literary figure	他是一名文学家。
文明	?	civilization	我想了解文明。
文物	?	cultural relic	博物馆里有很多文物。
文献	?	document; literature	我查了很多历史文献。
文章	?	article; essay	我在看一篇文章。
文雅	?	refined; elegant	她说话很文雅。
斑	?	spot; patch; marking	这只动物身上有黑斑。
斜	?	slanting; tilted	这条线有点儿斜。
斟酌	v	to consider carefully	这个问题需要认真斟酌。
斤	?	jin; 500 grams	一斤苹果
斩钉截铁	?	firm and decisive; categorical	他斩钉截铁地说：“不行。”
断	v	to cut off; stop	电话突然断了。
断定	v	to conclude; determine	现在还不能断定结果。
断断续续	?	intermittent; off and on	雨断断续续地下了一天。
斯文	?	refined; gentle; cultured	他看起来很斯文。
新	a	new	这是我的新书。
新娘	?	bride	新娘穿着白色婚纱。
新年	?	New Year	新年快乐！
新郎	?	bridegroom	新郎穿着西装。
新闻	?	news	我每天看新闻。
新陈代谢	?	metabolism	运动可以加快新陈代谢。
新颖	?	novel; fresh	这个设计很新颖。
新鲜	?	fresh	这个水果很新鲜。
方	?	square	方桌子
方位	?	direction; position	我分不清方位。
方便	a	convenient	坐地铁很方便。
方便面	?	instant noodles	我今天吃方便面。
方向	?	direction	这个方向是对的。
方圆	?	surrounding area	方圆几公里没有商店。
方式	?	way; method	我想了解方式。
方案	?	plan; scheme	我想了解方案。
方法	?	method; way	这是一个好方法。
方言	?	dialect	他会说当地方言。
方面	?	aspect	这方面很重要。
施展	v	to display; put to use	这里能让你施展才华。
旁边	?	beside; next to	学校旁边有商店。
旅游	v	to travel; travel	我想去北京旅游。
旅行	v	to travel; trip	我喜欢旅行。
旋律	?	melody	这首歌的旋律很美。
旗帜	?	flag; banner	旗帜在风中飘动。
旗袍	?	qipao; cheongsam	她穿了一件红旗袍。
无	v	to be without	这里禁止吸烟。
无偿	?	free of charge; unpaid	他无偿帮助了很多人。
无动于衷	?	unmoved; indifferent	面对提醒，他仍无动于衷。
无奈	v	to have no choice; helpless	我也很无奈。
无微不至	?	meticulous; caring in every detail	妈妈对孩子照顾得无微不至。
无忧无虑	?	carefree	孩子们无忧无虑地玩耍。
无所谓	v	to not mind; not care	我吃什么都无所谓。
无拘无束	?	free and unconstrained	孩子们无拘无束地玩。
无数	?	countless	这里有无数种选择。
无比	?	incomparably; extremely	我感到无比幸福。
无法	v	to be unable to	我无法同意。
无理取闹	v	to make trouble without reason	别无理取闹。
无穷无尽	?	endless; limitless	互联网的信息似乎无穷无尽。
无精打采	?	listless; in low spirits	他今天看起来无精打采。
无耻	?	shameless	这种行为很无耻。
无聊	a	boring	这个电影很无聊。
无能为力	?	powerless; unable to help	面对这种情况，我也无能为力。
无论	?	no matter; regardless of	无论多忙，我都运动。
无非	?	nothing more than; simply	他无非是想帮你。
既	?	both; since; already (used in patterns)	既方便，也便宜。
既然	?	since; now that	既然来了，就坐一会儿吧。
日	?	day; date	今天是八月二十四日。
日子	?	days; life	我想了解日子。
日常	?	daily	这是我的日常工作。
日新月异	?	changing rapidly with each passing day	科技发展日新月异。
日用品	?	daily necessities	我想了解日用品。
日益	?	increasingly; day by day	这个问题日益严重。
日程	?	schedule	我想了解日程。
日记	?	diary	我每天写日记。
旧	a	old; used	这是一本旧书。
早	adv	early	我今天来得很早。
早上	?	morning	我早上六点起床。
早餐	?	breakfast	我每天吃早餐。
早饭	?	breakfast	吃早饭
时	?	period of time	小时。
时代	?	era; age	我记得那个时代。
时候	?	time; when	你什么时候回家？
时光	?	time; days	大学时光过得很快。
时刻	?	moment	我记得那个时刻。
时尚	?	fashion	我想了解时尚。
时常	adv	often; frequently	他时常来这里喝咖啡。
时期	?	period; stage	我记得那个时期。
时机	?	opportunity; timing	现在不是最好的时机。
时而	?	from time to time; now...now...	天气时而晴，时而下雨。
时间	?	time	我没有时间。
昂贵	a	expensive	这台设备很昂贵。
昆虫	?	insect	我看到一只昆虫。
昌盛	?	prosperous; flourishing	当时文化十分昌盛。
明天	?	tomorrow	明天我去学校。
明年	?	next year	明年我去中国。
明明	?	clearly; obviously	他明明知道。
明星	?	celebrity; star	他是很有名的明星。
明显	?	obvious	变化很明显。
明智	?	wise; sensible	这是一个明智的决定。
明白	v	to understand; clear	我明白了。
明确	?	clear; definite	目标要明确。
昏迷	v	to be unconscious; coma	他受伤后昏迷了。
昔日	?	former days; in the past	昔日的小镇已经变了。
星期	?	week; day of the week	今天星期几？
星期天	?	Sunday	明天是星期天。
星期日	?	Sunday	今天是星期日。
春天	?	spring	春天天气很好。
昨天	?	yesterday	昨天我去学校。
是	v	to be; yes	我是老师。
是否	?	whether	我不知道他是否来。
是非	?	right and wrong	孩子要学会分辨是非。
昼夜	?	day and night	医生昼夜工作。
显得	v	to seem; appear	他今天显得很累。
显然	?	obvious; evidently	显然，他不同意。
显示	v	to display; show	显示态度
显著	?	significant; obvious	他的成绩有显著提高。
晃	v	to sway; shake	树枝在风中晃。
晒	v	to dry in the sun	晒衣服
晕	v	to faint; feel dizzy	我坐车有点儿晕。
晚	adv	late	来晚了
晚上	?	evening; night	晚上我看电视。
晚会	?	evening party; gala	学校晚上有晚会。
晚点	v	to be delayed; late	飞机晚点了。
晚饭	?	dinner	我六点吃晚饭。
普及	v	to popularize; become widespread	智能手机已经很普及。
普通	?	ordinary; regular	我要普通火车票。
普通话	?	Mandarin Chinese	我会说普通话。
普遍	a	common; universal	这种情况很普遍。
景点	?	tourist attraction	这里有很多景点。
景色	?	scenery	这里的景色很美。
晴	a	sunny; clear	今天是晴天。
晴朗	a	sunny; clear	今天天气很晴朗。
智力	?	intelligence	这个游戏可以训练智力。
智商	?	IQ; intelligence quotient	智商不是成功的唯一条件。
智慧	?	wisdom	我想了解智慧。
智能	a	smart; intelligent	这是智能手机。
暂且	?	for the time being	这个问题暂且不谈。
暂停	v	to pause; suspend	活动暂停了。
暂时	?	temporarily; for now	我暂时不走。
暖	a	warm	房间很暖。
暖和	a	warm	房间很暖和。
暗	a	dark; dim	房间里有点儿暗。
暗暗	?	secretly; to oneself	我暗暗高兴。
暗示	v	to hint; imply	他的表情暗示了答案。
暴露	v	to expose; reveal	问题很快暴露出来。
曝光	v	to expose; make public	这个问题被媒体曝光了。
曲子	?	tune; piece of music	这首曲子很好听。
曲折	?	winding; complicated	这条山路很曲折。
更	?	even more; more	今天比昨天更冷。
更加	?	even more	现在更加方便了。
更新	v	to update; renew	请更新一下资料。
曾经	?	once; in the past	我曾经住在北京。
最	?	most; the most	我最喜欢喝茶。
最初	?	at first; earliest	最初我不太习惯。
最后	?	last; finally	最后一个问题很难。
最好	?	had better	你最好早点儿休息。
最近	adv	recently	你最近忙吗？
月	?	month; moon	今天是八月三号。
月亮	?	moon	今晚的月亮很漂亮。
月饼	?	mooncake	中秋节我们吃月饼。
有	v	to have; there is/are	我有一个女儿。
有些	?	some; somewhat	有些学生在上课。
有关	?	related to; about	这是一本有关中国的书。
有利	?	beneficial	这个条件对我们有利。
有名	a	famous	这个饭店很有名。
有意思	a	interesting	这个电影很有意思。
有效	?	effective	这个方法很有效。
有时	adv	sometimes	我有时坐地铁。
有条不紊	?	orderly; methodical	她把工作安排得有条不紊。
有点儿	?	a little; a bit	有点儿冷
有用	?	useful	这个方法很有用。
有的	?	some	有的学生喜欢早上学习。
有趣	a	interesting; fun	这个故事很有趣。
朋友	?	friend	她是我的朋友。
服务	v	to serve; service	这里的服务很好。
服务台	?	service desk	请去服务台问一下。
服务员	?	waiter; waitress; attendant	服务员，请给我水。
服气	v	to be convinced; accept defeat	这次我真的服气了。
服装	?	clothing; costume	这是我的服装。
朗读	v	to read aloud	请大声朗读课文。
朝	prep	toward	一直朝前走。
朝代	?	dynasty	这个文物属于哪个朝代？
朝气蓬勃	?	full of youthful energy	年轻人看起来朝气蓬勃。
期待	v	to look forward to	我很期待这次旅行。
期望	v	to expect; expectation	父母对孩子有很高的期望。
期末	?	end of term; end of semester	期末有考试。
期间	?	period; during	我记得那个期间。
期限	?	deadline; time limit	任务期限是下周。
木头	?	wood; timber	这张桌子是木头做的。
未免	adv	rather; a bit too	这样说未免太直接了。
未必	?	not necessarily	贵的未必好。
未来	?	future	我想了解未来。
本	mw	measure word for books	我有一本书。
本事	?	ability; skill	他真有本事。
本子	?	notebook	这是我的本子。
本来	?	originally; at first	我本来想去。
本科	?	undergraduate education	他正在读本科。
本能	?	instinct	保护孩子是父母的本能。
本质	?	essence; nature	我想了解本质。
本身	?	itself; oneself	这个问题本身不难。
本钱	?	capital; cost; resources	他拿出全部本钱创业。
本领	?	ability; capability	我想了解本领。
朴实	a	simple; plain; sincere	他说话很朴实。
朴素	?	plain; simple	她穿得很朴素。
朵	mw	measure word for flowers/clouds	一个朵
机会	?	opportunity; chance	这是一个好机会。
机器	?	machine	这是我的机器。
机场	?	airport	我去机场接朋友。
机密	?	confidential; secret	这是公司机密。
机构	?	organization; institution	这是一个教育机构。
机灵	a	clever; quick-witted	这个孩子很机灵。
机票	?	air ticket	我买了机票。
杀	v	to kill	这种药可以杀虫子。
杂志	?	magazine	我喜欢看杂志。
权威	?	authority; authoritative	这位专家很有权威。
材料	?	material; data	请准备好材料。
杜绝	v	to put an end to; eliminate	我们要杜绝浪费。
束	?	bundle; bunch; beam	他送给我一束花。
束缚	v	to restrain; bind	不要被旧观念束缚。
条	mw	measure word for long/narrow things	我买了一条裤子。
条件	?	condition	这个工作的条件不错。
来	v	to come	明天你来吗？
来不及	?	not have enough time	快点儿，要来不及了。
来历	?	origin; background	我不知道这个东西的来历。
来得及	?	there is still time	现在去还来得及。
来源	?	source; origin	我们要确认消息来源。
来自	v	to come from	他来自中国。
杯	mw	cup; glass; measure word	请给我一个杯。
杯子	?	cup; glass	我买一个杯子。
杰出	?	outstanding	她是一位杰出的科学家。
极	?	extremely; very	天气好极了。
极了	?	extremely	冷极了
极其	?	extremely	这个问题极其重要。
极端	?	extreme	不要采取极端做法。
极限	?	limit; extreme	人类的体能有极限。
极（了）	?	extremely; very	这个菜好吃极了。
构思	v	to conceive; plan an idea	他正在构思一篇文章。
构成	v	to form; constitute	这些部分构成一个系统。
枕头	?	pillow	这个枕头太高了。
枚	mw	measure word for small objects	我买了两枚邮票。
果实	?	fruit	我喜欢吃果实。
果断	?	decisive; resolute	他做决定很果断。
果汁	?	fruit juice	我喜欢喝果汁。
果然	?	as expected	他果然来了。
枝	mw	branch; measure word for branch-like things	树上有一枝花。
枯燥	?	dull; boring	这个工作有点儿枯燥。
枯萎	v	to wither	缺水以后，花很快枯萎了。
某	pron	some; certain	某一天，他突然来了。
柔和	?	soft; gentle	灯光很柔和。
查	v	to check; look up	我查一下词典。
查找	v	to look up; search for	我在查找信息。
查看	v	to check; view	请查看信息。
查获	v	to seize; uncover	警方查获了一批毒品。
柴油	?	diesel	这辆车使用柴油。
标准	?	standard	这个符合标准。
标准间	?	standard room	标准间有两张床。
标志	?	sign; mark	这是我的标志。
标记	v	to mark; label	请把重点标记出来。
栋	mw	measure word for buildings	这里有三栋楼。
栏目	?	column; program section	我喜欢这个新闻栏目。
树	?	tree	学校前面有很多树。
树立	v	to establish; set up	我们要树立信心。
校园	?	campus	我们的校园很大。
校长	?	school principal	校长在办公室。
株	mw	measure word for plants	院子里有三株花。
样品	?	sample; specimen	实验室收到了一份样品。
样子	?	appearance; look	你看他的样子。
样式	?	style; pattern	我想了解样式。
核心	?	core	我想了解核心。
根	mw	root; measure word for long thin objects	树的根很深。
根据	prep	according to; based on	根据地图，车站在前面。
根本	?	at all; simply	我根本不知道。
根深蒂固	?	deep-rooted	这种观念根深蒂固。
根源	?	root; source	我们要找到问题根源。
格外	adv	especially	今天格外冷。
栽培	v	to cultivate; grow	这种花很容易栽培。
桃	?	peach	这个桃很甜。
框架	?	frame; framework	窗户的框架坏了。
案件	?	case; legal/criminal case	警方正在调查这个案件。
案例	?	case; example	老师介绍了一个真实案例。
桌子	?	table; desk	书在桌子上。
档次	?	level; grade	这家酒店档次很高。
桥	?	bridge	前面有一座桥。
桥梁	?	bridge; link	这座桥梁很长。
桨	?	oar; paddle	他用桨划船。
梢	?	tip of a branch; treetop	鸟停在树梢上。
梦	?	dream	我昨晚做了一个梦。
梦想	?	dream; to dream	他梦想成为医生。
梨	?	pear	这个梨很甜。
梯田	?	terraced field	山上有大片梯田。
梳子	?	comb	我想了解梳子。
检查	v	to check; to examine	医生给我检查身体。
检票	v	to check tickets	进站前要检票。
检验	v	to test; examine	医生要检验血液样品。
棒	?	excellent; great	这个办法很棒。
森林	?	forest	森林里有很多树。
棵	mw	measure word for plants	门前有一棵树。
椅子	?	chair	狗在椅子下面。
植物	?	plant	公园里有很多植物。
椭圆	?	oval; ellipse	这个桌子是椭圆形的。
楼	?	building; floor	我住在三楼。
楼梯	?	stairs; staircase	我们走楼梯吧。
概念	?	concept	我想了解概念。
概括	?	concise; to summarize	请用一句话概括。
榜样	?	example; model	老师是我们的榜样。
模仿	v	to imitate	模仿老师
模型	?	model	我们建立了一个预测模型。
模式	?	model; mode	这是新的购物模式。
模样	?	appearance; look	他还是小时候的模样。
模糊	?	vague; blurred	这张照片有点儿模糊。
模范	?	model; exemplary	他是公司的模范员工。
横	?	horizontal; across	一根木头横在路上。
橘子	?	tangerine	我喜欢吃橘子。
橡皮	?	eraser	我用橡皮。
次	mw	time; occasion (measure word)	我去过两次北京。
次品	?	defective product; substandard item	这个是次品。
次序	?	order; sequence	请按次序排队。
次要	?	secondary; less important	这只是次要问题。
欢乐	?	joyful; happiness	孩子们充满欢乐。
欢迎	v	to welcome; welcome	欢迎你来中国。
欣慰	?	pleased; gratified	看到孩子进步，我很欣慰。
欣欣向荣	?	prosperous; thriving	这个城市看起来欣欣向荣。
欣赏	v	to appreciate; enjoy	我喜欢欣赏音乐。
欲望	?	desire	每个人都有自己的欲望。
欺负	v	to bully	不要欺负比你小的人。
欺骗	v	to deceive; cheat	不要欺骗别人。
款式	?	style; design	这个款式很受欢迎。
款待	v	to entertain; hospitality	他们热情款待客人。
歇	v	to rest	累了就歇一会儿。
歌	?	song	唱歌
正	adv	just; right in the middle of	我正吃饭呢。
正义	?	justice; righteous	大家都支持正义。
正在	?	in the process of; currently	他正在看电视。
正好	?	just right; just in time	你来得正好。
正宗	?	authentic; genuine	这家店的北京菜很正宗。
正常	?	normal	这个情况很正常。
正式	?	formal; official	这个会议很正式。
正月	?	first lunar month	春节在农历正月。
正气	?	upright spirit; integrity	做人要有正气。
正确	a	correct	这个答案是正确的。
正经	a	serious; proper	他说话突然正经起来。
正规	?	regular; formal; standard	这是正规比赛。
此	?	this; here	此时我很忙。
此外	?	in addition	这儿很安静，此外也很方便。
步	?	step	走两步。
步伐	?	pace; step	他的步伐很快。
步骤	?	step; procedure	我想了解步骤。
武器	?	weapon	这种武器很危险。
歪曲	v	to distort	不要歪曲事实。
歹徒	?	criminal; gangster	警方抓住了歹徒。
死	?	rigid; inflexible	规定是死的，人是活的。
死亡	?	death; to die	这场事故造成了人员死亡。
残忍	?	cruel	这样对待动物太残忍了。
残次品	?	defective product	这批货里有一些残次品。
残留	v	to remain; residue	杯子里残留了一点儿水。
残酷	?	cruel; harsh	竞争有时很残酷。
段	mw	section; period; stretch (measure word)	这段路不远。
毁灭	v	to destroy; destruction	战争可能毁灭家园。
毅力	?	perseverance; willpower	学习需要毅力。
毅然	?	resolutely; firmly	他毅然辞去了工作。
母亲	?	mother	我的母亲很健康。
每	pron	every; each	我每天学习汉语。
毒品	?	illegal drugs; narcotics	毒品对社会危害很大。
比	prep	than; compared with	他比我高。
比例	?	proportion; ratio	我想了解比例。
比喻	?	metaphor; to compare	老师用一个简单的比喻解释问题。
比如	?	for example	我喜欢运动，比如游泳。
比方	?	for example	比方说，我们可以先做小测试。
比萨	?	pizza	吃比萨
比赛	?	competition; match	下午有篮球比赛。
比较	?	comparatively; to compare	今天比较冷。
比重	?	proportion; share	交通支出的比重很高。
毕业	v	to graduate	我大学毕业了。
毕竟	?	after all	他毕竟还是个孩子。
毛	?	hair; fur	这只狗的毛很长。
毛巾	?	towel	我用毛巾擦脸。
毛病	?	fault; shortcoming	我想了解毛病。
毫无	?	not at all; without any	这个说法毫无根据。
毫米	?	millimeter	这块板只有五毫米厚。
民族	?	ethnic group; nationality	中国有很多民族。
民间	?	folk; among the people	这个故事在民间流传很广。
气候	?	climate	这里的气候很好。
气功	?	qigong	爷爷每天练气功。
气势	?	momentum; imposing manner	这座建筑很有气势。
气味	?	smell; odor	房间里有奇怪的气味。
气概	?	spirit; courage	他表现出英雄气概。
气氛	?	atmosphere	我想了解气氛。
气温	?	temperature	最低气温
气色	?	complexion; appearance	你今天气色不错。
气魄	?	spirit; boldness	他很有领导者的气魄。
氧气	?	oxygen	人不能没有氧气。
水	?	water	我想喝水。
水平	?	level; standard	他的汉语水平很高。
水果	?	fruit	我喜欢吃水果。
水泥	?	cement	工人正在用水泥修路。
水煮鱼	?	spicy boiled fish	我想尝尝水煮鱼。
水龙头	?	faucet; tap	请把水龙头关好。
永恒	?	eternal; everlasting	没有什么是永恒的。
永远	?	forever	我永远记得你。
汇报	v	to report	我向经理汇报工作。
汉字	?	Chinese character	我会写汉字。
汉语	?	Chinese language	我会说汉语。
汗	?	sweat	我出了很多汗。
池塘	?	pond	我想了解池塘。
污染	v	to pollute; pollution	空气污染很严重。
汤	?	soup	我喜欢喝汤。
汹涌	?	surging; turbulent	海浪非常汹涌。
汽油	?	gasoline	汽车需要汽油。
沉思	v	to ponder; think deeply	他沉思了很久。
沉淀	v	to settle; accumulate	时间会让经验慢慢沉淀。
沉着	?	calm; composed	遇到危险要沉着。
沉重	a	heavy; serious	这个箱子很沉重。
沉闷	?	dull; boring; oppressive	会议气氛有点儿沉闷。
沉默	v	to be silent	他突然沉默了。
沏	v	to make tea	我来给你沏茶。
沐浴	v	to bathe; be bathed in	孩子正在沐浴。
沙发	?	sofa	我坐在沙发上。
沙拉	?	salad	吃沙拉
沙滩	?	sandy beach	孩子们在沙滩上玩。
沙漠	?	desert	我想了解沙漠。
沟通	v	to communicate	我们需要多沟通。
没	?	not; have not	没吃饭
没事	?	it's okay; nothing is wrong	我没事。
没关系	?	it doesn't matter; that's okay	没关系。
没意思	a	boring; uninteresting	这个电影没意思。
没有	v	to not have; there is/are not	我没有钱。
没问题	?	no problem	没问题，我来帮你。
沮丧	?	depressed; discouraged	失败后他有点儿沮丧。
河	?	river	这条河很长。
沸腾	v	to boil; be boiling	水已经沸腾了。
油	?	oil	这个菜油太多。
油炸	v	to deep-fry	这个菜是油炸的。
治(疗)	v	to treat; cure	医生正在治疗病人。
治理	v	to govern; manage	政府正在治理污染。
沾光	v	to benefit from another's association	我也跟着你沾光了。
沿海	?	coastal; along the coast	沿海城市气候比较湿润。
泄气	v	to lose heart	失败一次不要泄气。
泄漏	v	to leak; disclose	消息不能泄漏。
法律	?	law	我们应该遵守法律。
泛滥	v	to flood; spread unchecked	假货在市场上泛滥。
波浪	?	wave	海上有很大的波浪。
波涛	?	great waves	海上波涛很大。
注册	v	to register	我已经注册了这个网站。
注意	v	to pay attention; be careful	请注意安全。
注视	v	to gaze at; watch attentively	大家注视着屏幕。
注重	v	to emphasize; pay attention to	学校很注重安全。
泰斗	?	leading authority; master	他是这个领域的泰斗。
洒	v	to sprinkle	洒水
洗	v	to wash	我洗杯子。
洗手间	?	restroom	洗手间在哪儿？
洗澡	v	to take a shower/bath	我晚上洗澡。
洗衣机	?	washing machine	洗衣机在卫生间。
洞	?	hole	墙上有一个小洞。
洪水	?	flood	洪水淹没了道路。
活力	?	vitality; energy	年轻人充满活力。
活动	?	activity; event	我参加了这个活动。
活泼	a	lively	这个孩子很活泼。
活该	?	serve someone right; deserve it	你不听劝，活该迟到。
活跃	?	active; to enliven	课堂气氛很活跃。
派	v	to send; assign	派人
派别	?	school; faction	这种艺术有不同派别。
派遣	v	to dispatch; send	公司派遣他去国外工作。
流传	v	to spread; be handed down	这个故事流传了很多年。
流利	?	fluent	他的汉语很流利。
流氓	?	hooligan; rogue	警察抓住了那个流氓。
流泪	v	to shed tears	她感动得流泪了。
流浪	v	to wander; be homeless	这只猫以前在街上流浪。
流行	v	to be popular; fashionable	这种颜色很流行。
流露	v	to reveal; show	她脸上流露出喜悦。
浅	?	shallow; light	这里的水很浅。
浇	v	to water; pour	我每天给花浇水。
测验	v	to test; test	老师今天测验我们。
浑身	?	all over the body	跑完以后我浑身是汗。
浓	a	strong; thick	这杯茶太浓了。
浓厚	a	strong; deep	他对历史有浓厚兴趣。
浪漫	?	romantic	这个故事很浪漫。
浪费	v	to waste; waste	不要浪费时间。
海	?	sea	我想去看海。
海拔	?	altitude	这里海拔两千多米。
海洋	?	ocean; sea	海洋很大。
海鲜	?	seafood	我喜欢吃海鲜。
浸泡	v	to soak; immerse	豆子要先在水里浸泡。
涂抹	v	to smear; apply	孩子在纸上涂抹颜色。
消失	v	to disappear	太阳慢慢消失了。
消息	?	news; message	这是一个好消息。
消极	?	negative; passive	态度很消极。
消毒	v	to disinfect	医生先给伤口消毒。
消灭	v	to eliminate; wipe out	我们希望消灭贫困。
消耗	v	to consume; use up	运动会消耗很多能量。
消费	v	to consume; spend	这个月消费有点儿多。
消除	v	to eliminate; remove	我们要消除误会。
涉及	v	to involve; relate to	这个问题涉及很多人。
涌现	v	to emerge in large numbers	近年来涌现出很多优秀选手。
涨	v	to rise; increase	他正在涨。
淋	v	to get wet; be drenched	我被雨淋湿了。
淘气	?	naughty	他很淘气。
淘汰	v	to eliminate; phase out	这种旧设备已经被淘汰了。
淡季	?	off-season	冬天是这里的旅游淡季。
深	a	deep	水很深。
深刻	a	deep; profound	这件事给我留下深刻印象。
深奥	?	profound; difficult to understand	这个理论很深奥。
深情厚谊	?	deep friendship	他们之间有深情厚谊。
深沉	a	deep; profound; reserved	父亲的爱往往很深沉。
混乱	?	chaotic; disorder	现场一片混乱。
淹没	v	to flood; submerge	洪水淹没了道路。
清晨	?	early morning; dawn	清晨的空气很新鲜。
清晰	?	clear; distinct	照片很清晰。
清楚	?	clear; clearly	你说清楚一点儿。
清洁	a	clean; to clean	请保持房间清洁。
清淡	?	lightly flavored	我喜欢清淡的菜。
清澈	?	clear; limpid	河水很清澈。
清理	v	to clean up; clear	我们先清理房间。
清醒	?	awake; clear-headed	他已经清醒了。
渗透	v	to penetrate; seep into	水慢慢渗透进土壤。
渠道	?	channel; way	这是一个重要销售渠道。
温和	?	mild; gentle	老师的态度很温和。
温度	?	temperature	今天温度很低。
温暖	a	warm; to warm	阳光温暖着房间。
温柔	?	gentle	他很温柔。
港口	?	port; harbor	船已经到了港口。
港湾	?	harbor; bay	船停在安静的港湾。
渴	a	thirsty	我渴了，想喝水。
渴望	v	to long for; desire	我渴望有一次长假。
游	v	to swim	我在水里游。
游客	?	tourist; visitor	这里有很多游客。
游戏	?	game	我喜欢玩游戏。
游泳	v	to swim	我喜欢游泳。
游玩	v	to tour; have fun	星期天我们出去游玩。
游览	v	to tour; visit	我们游览了故宫。
渺小	?	tiny; insignificant	人在大自然面前很渺小。
湖泊	?	lake	这里有很多天然湖泊。
湿润	?	moist; humid	这里的空气很湿润。
溅	v	to splash	水溅到了衣服上。
源泉	?	source; fountainhead	兴趣是学习的源泉。
溜	v	to slip away; sneak off	他开会开到一半就溜了。
溪	?	stream; creek	山下有一条小溪。
滋味	?	taste; feeling	这个汤滋味不错。
滋润	v	to moisten; nourish	雨水滋润了土地。
滑	?	slippery; to slide	地上很滑，小心。
滑雪	v	to ski	去滑雪
滑雪场	?	ski resort	去滑雪场
滔滔不绝	v	to talk on and on	他一说起旅行就滔滔不绝。
滚	v	to roll	球滚到了桌子下面。
滞留	v	to be stranded; stay behind	很多旅客滞留在机场。
满	v	to reach a limit; full	这个杯子满了。
满意	?	satisfied	我对这个房间很满意。
满足	v	to satisfy; be satisfied	满足要求
漂亮	a	beautiful; pretty	衣服很漂亮。
漂浮	v	to float	白云漂浮在天空中。
漏	v	to leak	水管漏水了。
演习	?	drill; exercise	学校举行消防演习。
演出	v	to perform; show	他们正在演出。
演变	v	to evolve; development	语言会不断演变。
演员	?	actor; actress	他是演员。
演奏	v	to perform music	他正在演奏钢琴曲。
演绎	v	to interpret; act out	演员正在演绎这个故事。
漫画	?	cartoon; comic	他喜欢看漫画。
漫长	a	long; lengthy	这是一个漫长的过程。
潇洒	?	stylish; carefree	他穿西装很潇洒。
潜力	?	potential	这个孩子很有潜力。
潜水	v	to dive	他喜欢在海里潜水。
潜移默化	v	to influence imperceptibly	家庭会潜移默化地影响孩子。
潮流	?	trend; tide	年轻人很关注潮流。
潮湿	?	damp; humid	这个房间很潮湿。
激动	a	excited; emotional	他很激动。
激励	v	to encourage; motivate	老师的话激励了我。
激发	v	to stimulate; inspire	兴趣能激发学习动力。
激情	?	passion; enthusiasm	他对工作充满激情。
激烈	?	intense; fierce	比赛很激烈。
激素	?	hormone	睡眠会影响激素水平。
濒临	v	to be on the verge of	这种动物濒临灭绝。
瀑布	?	waterfall	山里有一条大瀑布。
火	?	popular; hot	这个电影很火。
火柴	?	match	他用火柴点火。
火箭	?	rocket	火箭飞向天空。
火药	?	gunpowder	火药是重要的发明。
火车	?	train	我坐火车去南京。
火车站	?	train station	我去火车站买票。
灯	?	lamp; light	请把灯打开。
灯笼	?	lantern	春节时门口挂着灯笼。
灰	?	dust; gray	今天的天有点儿灰。
灰尘	?	dust	桌子上有灰尘。
灰心	?	discouraged	他很灰心。
灵感	?	inspiration	旅行给了我很多灵感。
灵敏	?	sensitive; keen	这只狗的嗅觉很灵敏。
灵活	?	flexible	这个办法很灵活。
灵魂	?	soul; spirit	音乐是这部电影的灵魂。
灾害	?	disaster	我想了解灾害。
灾难	?	disaster	这场灾难造成了很大损失。
灿烂	a	bright; brilliant	她笑得很灿烂。
炎热	?	scorching; very hot	夏天这里十分炎热。
炒	v	to stir-fry	妈妈正在炒菜。
炫耀	v	to show off	他喜欢炫耀自己的成绩。
点	?	o'clock; point	现在三点。
点儿	?	a little; a bit	吃点儿
点心	?	snack; dim sum	我喜欢吃点心。
点缀	v	to decorate; embellish	几朵花点缀着房间。
烂	a	bad; rotten	这个苹果烂了。
烟花	?	fireworks	春节晚上大家看烟花。
烤鸭	?	roast duck	我喜欢吃烤鸭。
烦恼	?	worried; trouble	他很烦恼。
烫	v	to scald; very hot	水太热，小心烫手。
热	a	hot	今天很热。
热心	?	enthusiastic; helpful	他很热心。
热情	a	warm; enthusiastic	她对客人很热情。
热泪盈眶	?	with tears filling one's eyes	听到这句话，她热泪盈眶。
热烈	?	enthusiastic; warm	大家热烈欢迎他。
热爱	v	to love deeply	他热爱自己的工作。
热门	?	popular; in demand	这个专业很热门。
热闹	a	lively; bustling	这里很热闹。
烹饪	v	to cook; cooking	她很喜欢学习烹饪。
焦急	?	anxious; worried	妈妈在门口焦急地等待。
然后	conj	then; after that	我们先吃饭，然后看电影。
然而	?	however	他很努力，然而没有成功。
煤炭	?	coal	过去这里主要用煤炭。
照	v	to photograph	我们一起照照片吧。
照常	?	as usual	明天照常上课。
照样	?	as usual; all the same	下雨了，他照样去跑步。
照片	?	photo	这是我的照片。
照相	v	to take a photograph	我们一起照相吧。
照相机	?	camera	这是我的照相机。
照耀	v	to shine on; illuminate	阳光照耀着大地。
照顾	v	to take care of	妈妈照顾孩子。
煮	v	to boil; cook	我正在煮面条。
熄灭	v	to extinguish; go out	灯突然熄灭了。
熊猫	?	panda	熊猫很可爱。
熏陶	v	to influence; nurture	她从小受到音乐的熏陶。
熟	?	cooked; ripe; familiar	饭已经熟了。
熟悉	v	to be familiar with	我很熟悉这个地方。
熟练	?	skilled; practiced	他很熟练。
熨	v	to iron	妈妈正在熨衣服。
熬	v	to endure; stay up; boil slowly	昨晚我熬到两点才睡。
熬夜	v	to stay up late	我昨晚熬夜了。
燃烧	v	to burn	木头正在燃烧。
爆发	v	to break out; erupt	战争突然爆发了。
爆炸	v	to explode; explosion	工厂发生了爆炸。
爆竹	?	firecrackers	过去春节常放爆竹。
爬	v	to climb	我们去爬山。
爬山	v	to climb a mountain	周末我们去爬山。
爱	v	to love; to like very much	我爱妈妈。
爱不释手	v	to love something too much to put it down	这本书让我爱不释手。
爱好	?	hobby; interest	我的爱好是游泳。
爱心	?	love; compassion	她是一个很有爱心的人。
爱情	?	romantic love	这是一个爱情故事。
爱情片	?	romantic movie	我喜欢看爱情片。
爱惜	v	to cherish; treasure	爱惜时间
爱戴	v	to love and respect	学生都很爱戴这位老师。
爱护	v	to take good care of	爱护环境
父亲	?	father	他是父亲。
爷爷	?	grandfather (paternal)	我爷爷身体很好。
爸爸	?	dad; father	我爸爸是医生。
爽快	?	frank; straightforward; readily	他很爽快地答应了。
片	?	slice; piece	我想了解片。
片刻	?	a moment; a short while	请等我片刻。
片面	?	one-sided	这个看法太片面。
版本	?	version; edition	这个软件有新版本。
牙膏	?	toothpaste	我去买牙膏。
牙齿	?	tooth; teeth	我的牙齿有点儿疼。
牛	?	cow; cattle	草原上有牛。
牛奶	?	milk	我早上喝牛奶。
牢骚	?	complaint; grumble	他总爱发牢骚。
物业	?	property management; real estate	物业正在修电梯。
物理	?	physics	我想了解物理。
物美价廉	?	good quality and inexpensive	这家店的东西物美价廉。
物质	?	material; matter	我想了解物质。
牲畜	?	livestock	村里养了很多牲畜。
牵扯	v	to involve; be connected with	这件事牵扯很多人。
特价	?	special offer; sale price	今天特价
特别	adv	especially; special	我特别喜欢这个电影。
特定	?	specific; particular	这个规则只适用于特定情况。
特征	?	feature; characteristic	我想了解特征。
特意	adv	especially; specially	我特意来看你。
特殊	a	special	这是特殊情况。
特点	?	feature; characteristic	这个城市有自己的特点。
特色	?	distinctive feature	我想了解特色。
特色菜	?	specialty dish	这是这家餐馆的特色菜。
特长	?	special skill; strength	唱歌是她的特长。
犬	?	dog; canine	这种犬很聪明。
状况	?	condition; situation	我想了解状况。
状态	?	state; status	我想了解状态。
犹如	?	just like; as if	湖面犹如一面镜子。
犹豫	?	hesitant; hesitate	别再犹豫了。
狂	?	wild; wildly	外面狂风大作。
狗	?	dog	小狗在哪儿？
狠心	?	cruel-hearted; harden one's heart	她狠心拒绝了这个要求。
狡猾	?	cunning; crafty	他很狡猾。
独特	?	unique; distinctive	独特的风格
独立	v	to be independent	孩子要学会独立。
狭窄	a	narrow	这条路很狭窄。
狭隘	?	narrow-minded; narrow	这种看法太狭隘。
狼吞虎咽	v	to gobble up food	他饿得狼吞虎咽。
狼狈	?	embarrassed; in a difficult situation	他被雨淋得很狼狈。
猛烈	?	fierce; violent; intense	外面的风很猛烈。
猜	v	to guess	你猜一猜。
猝死	?	sudden death	过度运动可能增加猝死风险。
猪	?	pig	农场里有很多猪。
猫	?	cat	小猫在哪儿？
猴子	?	monkey	我看到一只猴子。
率领	v	to lead; command	将军率领军队前进。
玉	?	jade	这块玉很漂亮。
王子	?	prince	故事里的王子很勇敢。
玩	v	to play	小朋友在玩。
玩儿	v	to play; to have fun	孩子在外面玩儿。
玩意儿	?	thing; gadget	这是什么玩意儿？
玫瑰	?	rose	我买了一朵玫瑰。
环保	?	environmental protection; eco-friendly	我们要做好环保。
环境	?	environment; surroundings	这里的环境很好。
环节	?	link; stage; step	这是最重要的环节。
现代	?	modern times; modern	这是现代艺术。
现在	adv	now	现在几点？
现场	?	site; scene	记者已经到了现场。
现实	?	reality	我想了解现实。
现成	?	ready-made; readily available	这里有现成的材料。
现状	?	current situation	我们先了解一下现状。
现象	?	phenomenon	我想了解现象。
现金	?	cash	我用现金付款。
玻璃	?	glass	我想了解玻璃。
珍惜	v	to cherish	珍惜时间
珍珠	?	pearl	她戴着珍珠项链。
珍稀	?	rare and precious	国家保护珍稀动物。
珍贵	?	precious; valuable	时间很珍贵。
班	?	class; group	我们班有二十个学生。
班级	?	class; class group	我们班级有二十个人。
球	?	ball	打球
球场	?	sports field; court	他们在球场打球。
球迷	?	sports fan	他是足球球迷。
理发	v	to get a haircut	他正在理发。
理想	?	ideal	这个工作很理想。
理所当然	?	natural; as a matter of course	帮助家人不是理所当然的吗？
理智	?	rational; reason	生气时也要保持理智。
理由	?	reason	我想了解理由。
理直气壮	?	confident because one is in the right	他理直气壮地回答。
理睬	v	to pay attention to	他没有理睬我的话。
理解	v	to understand	我能理解你。
理论	?	theory	我想了解理论。
琢磨	v	to think over; ponder	让我再琢磨一下。
瓶	mw	bottle; measure word for bottles	一瓶水
瓶子	?	bottle	桌子上有一个瓶子。
甚至	?	even	他很忙，甚至没时间吃饭。
甜	?	sweet	这个西瓜很甜。
生产	v	to produce	这家工厂生产汽车。
生命	?	life	生命很重要。
生存	v	to survive; survival	动物需要水才能生存。
生态	?	ecology; ecological	我们要保护当地生态。
生意	?	business; trade	他在做生意。
生日	?	birthday	今天是我的生日。
生机	?	vitality; life	春天给大地带来生机。
生气	a	angry; to get angry	别生气。
生活	?	life; to live	北京的生活很方便。
生物	?	living thing; organism	海里有很多生物。
生理	?	physiological; physiology	睡眠是正常的生理需要。
生病	v	to fall ill; to be sick	他生病了。
生词	?	new word	今天有十个生词。
生锈	v	to rust	这把刀已经生锈了。
生长	v	to grow	植物需要阳光才能生长。
用	v	to use	我用手机查。
用功	?	diligent; hardworking	他很用功。
用户	?	user	这个软件有很多用户。
用途	?	use; purpose	我想了解用途。
甩	v	to swing; throw off	他甩了甩手。
甭	?	need not; don't need to	你甭担心。
田径	?	track and field	他是一名田径运动员。
田野	?	field; countryside	春天的田野很美。
由	prep	by; from	这个工作由我负责。
由于	prep	because of; due to	由于下雨，比赛取消了。
甲	?	first; A	甲同意，乙不同意。
申请	v	to apply; application	我想申请这个工作。
电	?	electricity; power	手机没电了。
电动车	?	electric bike/vehicle	他坐电动车上班。
电台	?	radio station	我常听这个电台。
电子书	?	e-book	我喜欢看电子书。
电子邮件	?	email	我给你发电子邮件。
电影	?	movie; film	我们看电影。
电影院	?	cinema; movie theater	我们去电影院看电影。
电梯	?	elevator	我们坐电梯上楼。
电池	?	battery	这是我的电池。
电源	?	power supply	电脑没有电源就不能用。
电脑	?	computer	桌子上有一个电脑。
电视	?	television; TV	我喜欢看电视。
电话	?	telephone; phone	电话号码
电钻	?	electric drill	工人正在使用电钻。
男	?	male; man	那个男的是我哥哥。
男孩儿	?	boy	他是男孩儿。
男朋友	?	boyfriend	我的男朋友
男生	?	boy; male student	班里有十个男生。
画	v	to draw; picture	我喜欢画画儿。
画家	?	painter; artist	他是一位画家。
画笔	?	paintbrush; colored pen	这是我的画笔。
画蛇添足	v	to ruin something by unnecessary additions	这个设计已经很好，不要画蛇添足。
畅销	v	to sell well; best-selling	这本书非常畅销。
畏惧	v	to fear	不要畏惧失败。
畔	?	bank; side	湖畔有很多游客。
留	v	to leave; to stay	请留下你的电话。
留学	v	to study abroad	我想去中国留学。
留学生	?	international student	她是留学生。
留念	v	to keep as a souvenir	我们拍张照片留念吧。
留神	v	to be careful; watch out	下楼的时候留神一点儿。
番	mw	time; measure word for an action or effort	我认真想了一番。
疏忽	?	negligence; to overlook	一个小疏忽造成了问题。
疑惑	?	doubt; puzzled	我心里有些疑惑。
疑问	?	question; doubt	我想了解疑问。
疤	?	scar	他手上有一道疤。
疯	v	to go crazy	别急得发疯。
疲倦	a	tired; weary	工作一天后我很疲倦。
疲劳	a	tired; fatigued	他很疲劳。
疲惫	?	exhausted; tired	忙了一天，我很疲惫。
疼	v	to hurt; painful	我的牙很疼。
疼爱	v	to love dearly	父母都很疼爱孩子。
疾病	?	disease; illness	这种疾病需要长期治疗。
病	v	to be ill; illness	生病了
病人	?	patient; sick person	医生正在看病人。
症状	?	symptom	他的症状已经减轻了。
痕迹	?	trace; mark	地上留下了脚印的痕迹。
痛快	?	delighted; to one's heart's content	今天玩得很痛快。
痛苦	?	painful; suffering	他很痛苦。
瘦	a	thin; slim	她比我瘦。
瘸	?	lame; limp	他受伤后走路有点儿瘸。
癌症	?	cancer	早期发现癌症很重要。
登录	v	to log in	请先登录网站。
登机牌	?	boarding pass	请拿好登机牌。
登记	v	to register	登记名字
白	a	white	我喜欢白色。
白噪音	?	white noise	有些人听白噪音更容易睡着。
白天	?	daytime	白天我上班。
白色	a	white	我喜欢白色。
百	num	hundred	这本书一百块钱。
百分之	?	percent	百分之五十的人同意。
的	part	possessive/attributive particle	她是我的老师。
的确	?	indeed; really	他说得的确有道理。
的话	?	if; if ... then	你有时间的话，我们一起去。
皆	?	all; both	大家皆大欢喜。
皇后	?	empress	皇后穿着华丽的衣服。
皇帝	?	emperor	古代皇帝住在宫殿里。
皮肤	?	skin	我的皮肤有点儿不舒服。
皮鞋	?	leather shoes	这双皮鞋很漂亮。
皱纹	?	wrinkle	奶奶脸上有很多皱纹。
盆(子)	?	basin	水在盆子里。
盈利	v	to make a profit; profit	公司今年开始盈利。
盐	?	salt	这个菜少放盐。
监狱	?	prison	罪犯被送进监狱。
监视	v	to monitor; watch	摄像头在监视门口。
盒子	?	box	盒子里有东西。
盖	v	to cover; lid	请把锅盖上。
盖章	v	to stamp; seal	请在这里签字盖章。
盗窃	?	theft; to steal	警方正在调查盗窃案件。
盘子	?	plate	请给我一个盘子。
盘旋	v	to circle; spiral	一只鸟在空中盘旋。
盛	v	to hold; contain	这个碗可以盛汤。
盛开	v	to bloom fully	春天花都盛开了。
盛行	v	to prevail; be popular	这种运动最近很盛行。
目光	?	gaze; look; sight	他的目光很温柔。
目前	?	at present	目前一切顺利。
目标	?	goal; objective	我想了解目标。
目的	?	purpose; aim	这是主要目的。
目的地	?	destination	我们到目的地了。
目睹	v	to witness; see with one's own eyes	我亲眼目睹了这场比赛。
盯	v	to stare at; keep one's eyes on	别一直盯着我看。
盲目	?	blind; blindly	不要盲目跟着别人。
直	?	straight; continuously	他直往前走。
直到	?	until	我一直学到十二点。
直接	?	direct; directly	你可以直接告诉我。
直播	?	live broadcast; to broadcast live	比赛正在电视上直播。
直觉	?	intuition	我的直觉告诉我他会来。
相互	?	mutual; each other	我们相互帮忙。
相似	?	similar	这两张照片很相似。
相信	v	to believe; to trust	我相信你。
相关	v	to be related; relevant	这两个问题互相相关。
相反	?	on the contrary; opposite	我不觉得难，相反很有意思。
相同	a	same	这两个答案相同。
相声	?	crosstalk; Chinese comic dialogue	爷爷很喜欢听相声。
相处	v	to get along	我和同事相处得很好。
相对	?	relative; comparative	这个问题相对简单。
相差	v	to differ by; be apart	两人的年龄相差五岁。
相应	?	corresponding; appropriate	请采取相应措施。
相当	v	to be equal to; quite	这两个价格相当。
相机	?	camera	这是我的相机。
相比	?	compared with	相比昨天，今天更冷。
相辅相成	v	to complement each other	努力和方法相辅相成。
盼望	v	to look forward to	我盼望早点儿见到家人。
省	?	province	这样可以省时间。
看	v	to look; to watch; to read	我看书。
看不起	v	to look down on	不要看不起别人。
看待	v	to view; regard	我们要客观看待问题。
看来	?	it seems; apparently	看来要下雨了。
看法	?	viewpoint; opinion	这是我的看法。
看病	v	to see a doctor; get medical treatment	我去医院看病。
看见	v	to see	我看见老师了。
真	adv	really; truly	这个菜真好吃。
真实	a	real; true	这个故事是真实的。
真挚	?	sincere; genuine	他的感情很真挚。
真正	a	real; truly	这是一个真正的问题。
真理	?	truth	时间会证明真理。
真相	?	truth; facts	我们一定要找出真相。
眨	v	to blink	她眨了眨眼睛。
眯	v	to squint; nap	阳光太强，我眯起眼睛。
眼光	?	judgment; vision; gaze	她很有眼光。
眼前	?	before one’s eyes; at present	他就在眼前。
眼睛	?	eye; eyes	她的眼睛很大。
眼神	?	look in one's eyes	她的眼神很温柔。
眼色	?	meaningful look; signal with the eyes	他给我使了个眼色。
眼镜	?	glasses	我的眼镜在哪儿？
着	part	aspect particle indicating a continuing state	门开着呢。
着急	?	worried; anxious	别着急，他马上来。
着想	v	to consider; think for someone's sake	我这样做是为你着想。
着手	v	to begin; set about	我们已经着手准备了。
着火	v	to catch fire	厨房突然着火了。
着迷	v	to be fascinated	他对天文很着迷。
着重	v	to emphasize; focus on	今天着重讨论两个问题。
睁	v	to open one's eyes	请睁开眼睛。
睡	v	to sleep	他在睡。
睡着	v	to fall asleep	孩子已经睡着了。
睡觉	v	to sleep; go to bed	我十点睡觉。
督促	v	to urge; supervise	老师督促我们学习。
瞄准	v	to aim at	他瞄准目标后开枪。
瞎	?	blind; blindly	别瞎说。
瞧	v	to look; see	你瞧，这不是他吗？
瞪	v	to stare; glare	他瞪了我一眼。
瞬间	?	instant; moment	灯在瞬间亮了。
矛盾	?	conflict; contradictory	这两个说法很矛盾。
知觉	?	sensation; consciousness	我的手慢慢恢复了知觉。
知识	?	knowledge	我喜欢学习新知识。
知足常乐	?	contentment brings happiness	爷爷常说知足常乐。
知道	v	to know	我不知道。
知音	?	close friend who truly understands you; kindred spirit	能遇到知音很难得。
短	a	short	她的头发很短。
短促	?	short and quick	他发出一声短促的笑。
短信	?	text message	我给你发短信。
短裤	?	shorts	夏天我常穿短裤。
矮	a	short (height)	我比哥哥矮。
石头	?	stone	这是我的石头。
石油	?	petroleum; oil	这个国家石油资源丰富。
矿产	?	mineral resources	这里矿产丰富。
矿泉水	?	mineral water	我喜欢喝矿泉水。
码头	?	dock; wharf	船停在码头。
砍	v	to cut; chop	不要乱砍树。
砍伐	v	to cut down trees	这里禁止砍伐树木。
研究	v	to research; study	他们正在研究这个问题。
研究生	?	graduate student	他是研究生。
砖	?	brick	墙是用砖砌的。
破	?	broken; torn	这个包破了。
破坏	v	to destroy; damage	不要破坏环境。
砸	v	to smash; hit	石头砸在地上。
硕士	?	master's degree; master's graduate	他在读硕士。
硬	a	hard; tough	这块石头很硬。
确保	v	to ensure	请确保门已经关好。
确信	v	to be convinced; be sure	我确信他会来。
确切	?	exact; definite	我不知道确切时间。
确定	v	to confirm; determine	确定时间
确实	?	truly; indeed	他说得确实对。
确立	v	to establish	公司确立了新的目标。
确认	v	to confirm	确认信息
碎	v	to break; broken	杯子摔碎了。
碗	?	bowl	桌子上有一个碗。
碰	v	to meet; bump into	我昨天碰到一个老朋友。
磋商	v	to consult; negotiate	双方正在磋商合作。
磕	v	to bump; knock	他摔倒时磕了膝盖。
示范	v	to demonstrate; set an example	老师先示范一遍。
礼拜天	?	Sunday	礼拜天我休息。
礼物	?	gift; present	这是给你的礼物。
礼节	?	etiquette; manners	见面时要注意礼节。
礼貌	?	politeness; polite	他很有礼貌。
社会	?	society	社会在不断变化。
社区	?	community	我们社区很安静。
祖先	?	ancestor	我们应该了解祖先的生活。
祖父	?	grandfather; paternal grandfather	我的祖父住在乡下。
祝	v	to wish	祝你生日快乐！
祝福	v	to wish well; blessing	谢谢你的祝福。
祝贺	v	to congratulate	祝贺你！
神仙	?	immortal; deity	孩子喜欢听神仙故事。
神圣	?	sacred; holy	这是一个神圣的使命。
神奇	?	magical; amazing	大自然真的很神奇。
神态	?	expression; manner	她的神态很自然。
神气	?	proud; impressive	那只老虎看起来很神气。
神秘	?	mysterious	这个地方很神秘。
神经	?	nerve; nervous system	压力会影响神经。
票	?	ticket	我买了票。
禁止	v	to forbid; prohibit	这里禁止抽烟。
离	v	to be away from; from (distance)	我家离学校很近。
离奇	?	bizarre; strange	这个故事很离奇。
离婚	v	to divorce	他们去年离婚了。
离开	v	to leave	我八点离开家。
私(人)	?	private	这是私人问题。
私自	?	privately; without permission	不要私自离开。
秋天	?	autumn; fall	秋天天气很舒服。
秋（天）	?	autumn; fall	秋天天气很舒服。
种	mw	kind; type (measure word)	我喜欢这种水果。
种子	?	seed	春天我们种下种子。
种植	v	to plant; grow	农民种植水稻。
种类	a	kind; category	我想了解种类。
科学	?	science	我喜欢学习科学。
秒	?	second	请等十秒。
秘书	?	secretary	她是经理的秘书。
秘密	?	secret	这是一个秘密。
租	v	to rent	我想租一个房子。
租赁	v	to rent; lease	这里可以租赁汽车。
秤	?	scale	请把水果放到秤上。
秩序	?	order	我想了解秩序。
积极	?	positive; active	他很积极。
积累	v	to accumulate	工作能积累经验。
称	v	to call; to name	人们称他“王老师”。
称号	?	title; designation	他获得了优秀教师称号。
称呼	v	to address; form of address	我应该怎么称呼您？
称心如意	v	to be fully satisfied; just as one wishes	这份工作很称心如意。
称赞	v	to praise	老师称赞了他的表现。
移动	v	to move	请把桌子移动一下。
移植	v	to transplant	医生进行了器官移植。
移民	?	immigrant	他是第一代移民。
程度	?	degree; level	我想了解程度。
稍微	?	slightly; a little	今天稍微有点儿冷。
稍等	v	to wait a moment	请稍等一下。
稳定	?	stable	情况已经稳定了。
稻谷	?	rice grain; paddy	农民正在收稻谷。
稿件	?	manuscript; article submitted for publication	我已经交了稿件。
究竟	adv	exactly; after all	你究竟想说什么？
穷	a	poor	他家很穷。
空	a	empty	房间很空。
空儿	?	free time	我今天有空儿。
空前绝后	?	unprecedented and unrepeatable	这次表演可以说空前绝后。
空想	?	daydream; empty dream	只想不做就是空想。
空气	?	air	这里的空气很好。
空洞	a	empty; hollow	这篇文章内容很空洞。
空白	?	blank; gap	请在空白处写名字。
空虚	a	empty; spiritually empty	太闲的时候容易感到空虚。
空调	?	air conditioner	请把空调打开。
空闲	a	free; at leisure	空闲时间
空间	?	space	我想了解空间。
空隙	?	gap; space	门下面有一条空隙。
穿	v	to wear; to put on	她穿红色衣服。
穿越	v	to cross; pass through	我们穿越了沙漠。
突出	?	prominent	他的表现很突出。
突然	adv	suddenly	天突然下雨了。
突破	?	breakthrough; to break through	研究有了新的突破。
窄	a	narrow	这条路很窄。
窍门	?	knack; trick	学习语言有窍门吗？
窗帘	?	curtain	这是我的窗帘。
窗户	?	window	请打开窗户。
窜	v	to flee; dart; rush	小猫一下子窜了出去。
窝	?	nest; den	树上有一个鸟窝。
立体	?	three-dimensional	这张地图看起来很立体。
立刻	adv	immediately	我立刻就来。
立即	adv	immediately	请立即停止。
立足	v	to base oneself on; establish a foothold	公司要立足本地市场。
竖	v	to stand upright; erect	请把牌子竖起来。
站	v	to stand; station	请站在这儿。
竞争	v	to compete; competition	这两个公司在竞争。
竞赛	?	competition; contest	他参加了数学竞赛。
竟然	?	unexpectedly; actually	他竟然忘了。
童话	?	fairy tale	孩子喜欢听童话。
竭尽全力	v	to do one's utmost	医生竭尽全力抢救病人。
端	v	to carry; hold with both hands	她端来一杯茶。
端正	?	proper; upright; correct	他的态度很端正。
端端正正	?	neat and straight	他把字写得端端正正。
竹子	?	bamboo	熊猫喜欢吃竹子。
笑	v	to smile; to laugh	她爱笑。
笑话	?	joke	他喜欢讲笑话。
笔	?	pen; pencil	这是我的笔。
笔记	?	notes	上课要做笔记。
笔记本	?	laptop; notebook computer	我的笔记本没电了。
笔记本（电脑）	?	notebook; laptop	我买了一个笔记本电脑。
符号	?	symbol; sign	这个符号是什么意思？
符合	v	to accord with; meet	这个符合要求。
笨	?	stupid; clumsy	他很笨。
笨拙	?	clumsy; awkward	他的动作有点儿笨拙。
第	?	ordinal prefix	第一个
第一	?	first	他是第一。
笼罩	v	to envelop; shroud	大雾笼罩着城市。
等	v	to wait	请等一下。
等于	v	to be equal to	二加三等于五。
等候	v	to wait	请在这里等候。
等待	v	to wait	我在等待朋友。
等级	?	level; grade	这个考试分三个等级。
答	v	to answer	请回答这个问题。
答复	v	to reply; answer	请尽快答复我。
答应	v	to agree; promise	他答应明天来。
答案	?	answer	这是正确答案。
策划	v	to plan; organize	他们正在策划一个活动。
策略	?	strategy; tactic	这个营销策略很有效。
筛选	v	to screen; select	我们要筛选合适的人。
筷子	?	chopsticks	我会用筷子。
筹备	v	to prepare; organize	我们正在筹备会议。
签	v	to sign	签名字
签证	?	visa	我在申请签证。
简体字	?	simplified Chinese character	中国大陆主要使用简体字。
简单	a	simple; easy	这个问题很简单。
简历	?	resume; CV	我想了解简历。
简直	?	simply; virtually	这里简直太美了。
简要	?	brief; concise	请简要介绍一下情况。
算	v	to count as; consider	这算是一个好结果。
算了	?	forget it; let it go	算了，别买了。
算数	v	to count; keep one's word	你答应的事要算数。
管	v	to manage; be in charge of	这件事我来管。
管子	?	tube; pipe	我想了解管子。
管理	v	to manage	他负责管理公司。
管辖	v	to administer; have jurisdiction over	这个地区由当地政府管辖。
箱子	?	suitcase; box	这个箱子很重。
篇	mw	measure word for articles	我看了一篇文章。
篮球	?	basketball	我喜欢打篮球。
籍贯	?	place of origin	他的籍贯是河北。
米	?	meter	他一米八。
米饭	?	cooked rice; rice meal	我吃米饭。
类似	?	similar	我遇到过类似的问题。
类型	?	type; category	我想了解类型。
粉末	?	powder	桌上有一些白色粉末。
粉碎	v	to smash; shatter	杯子掉在地上粉碎了。
粉色	a	pink	我喜欢粉色。
粒	mw	measure word for grains; small round things	桌上有几粒米。
粗心	?	careless	他很粗心。
粗糙	?	rough; crude	这个表面很粗糙。
粥	?	porridge	早上我喝了一碗粥。
粮食	?	grain; food	我喜欢吃粮食。
精密	?	precise; sophisticated	这是一台精密仪器。
精彩	?	wonderful; splendid	比赛很精彩。
精心	?	carefully; with great care	她精心准备了晚餐。
精打细算	v	to budget carefully	他们过日子很精打细算。
精益求精	v	to strive for perfection	他工作总是精益求精。
精确	?	precise; accurate	这个数字很精确。
精神	?	spirit; energetic	他今天很精神。
精致	?	delicate; exquisite	这个盒子很精致。
精通	v	to master; be proficient in	他精通三种语言。
糊涂	?	muddleheaded; confused	他很糊涂。
糖	?	sugar; candy	我喜欢吃糖。
糟糕	?	awful; terrible	今天的天气很糟糕。
糟蹋	v	to waste; ruin	不要糟蹋食物。
系	v	to tie; fasten	系鞋带
系列	?	series	这是一个新的电视系列。
系统	?	system	我想了解系统。
素质	?	quality; competence	员工的专业素质很重要。
素食	?	vegetarian food	她平时主要吃素食。
索性	?	simply; might as well	雨太大，我们索性不去了。
紧张	a	nervous; tense	我很紧张。
紧急	?	urgent	紧急情况
紧迫	?	urgent; pressing	时间非常紧迫。
紫	a	purple	她穿着紫色的衣服。
紫外线	?	ultraviolet rays	夏天紫外线很强。
累	a	tired; weary	我今天很累。
繁体字	?	traditional Chinese character	这个词用繁体字怎么写？
繁华	?	prosperous; bustling	这里过去是一条繁华的街。
繁忙	a	busy	机场今天十分繁忙。
繁殖	v	to reproduce; breed	这种鱼繁殖很快。
繁荣	?	prosperous	这里的经济很繁荣。
纠正	v	to correct	老师纠正了我的发音。
红绿灯	?	traffic light	路口有红绿灯。
红色	a	red; red color	我喜欢红色。
红茶	?	black tea	一杯红茶
约	v	to make an appointment	约朋友
约会	?	date; appointment	我明天和朋友有约会。
约束	v	to restrict; restrain; constraint	规定可以约束我们的行为。
级别	?	level; rank	这个比赛级别很高。
纪录	?	record; to record	请把结果记录下来。
纪律	?	discipline	我想了解纪律。
纪念	v	to commemorate	纪念这一天
纯洁	?	pure; clean	孩子的心很纯洁。
纯粹	?	purely; pure	我来这里纯粹是为了学习。
纳闷儿	v	to feel puzzled	我心里一直很纳闷儿。
纵横	?	crisscross; across and along	河流纵横这个地区。
纷纷	?	one after another	大家纷纷表示同意。
纸	?	paper	请给我一张纸。
纸袋	?	paper bag	请用纸袋。
纺织	?	textile; to spin and weave	这里的纺织业很发达。
纽扣儿	?	button	这件衣服掉了一枚纽扣儿。
线	?	line; route	我坐地铁15号线。
线索	?	clue	警方发现了重要线索。
练	v	to practice; train	我每天练中文。
练习	v	to practice; exercise	我每天练习说汉语。
组	?	group; team; set	我们分成两组。
组合	v	to combine; combination	把这几个部分组合起来。
组成	v	to form; constitute	五个人组成一个小组。
组织	v	to organize	组织活动
绅士	?	gentleman	他看起来像一位绅士。
细心	a	careful; attentive	她做事很细心。
细胞	?	cell	人体由很多细胞组成。
细致	a	careful; meticulous	她工作非常细致。
细节	?	detail	我想了解细节。
细菌	?	bacterium; bacteria	手上可能有很多细菌。
终于	adv	finally	他终于回来了。
终止	v	to terminate; stop	会议提前终止了。
终点	?	finish; destination	他第一个到达终点。
终究	?	eventually; after all	问题终究要解决。
终身	?	lifelong; all one's life	学习是一件终身的事。
经典	?	classic; classical	这是一部经典作品。
经历	v	to experience; experience	这是一次难忘的经历。
经商	v	to do business	他年轻时就开始经商。
经常	adv	often	我经常看电影。
经济	?	economy	这个国家经济发展很快。
经理	?	manager	王经理今天很忙。
经营	v	to manage; run	经营公司
经费	?	funds; expenses	这个项目经费有限。
经过	v	to pass by; through	我每天经过这个公园。
经验	?	experience	他有很多工作经验。
绑架	v	to kidnap	警方抓住了绑架孩子的人。
结合	v	to combine; integrate	结合实际
结婚	v	to get married	他们去年结婚了。
结实	a	strong; sturdy	这张桌子很结实。
结晶	?	crystallization; result of effort	这件作品是智慧的结晶。
结束	v	to end; to finish	会议五点结束。
结构	?	structure	我想了解结构。
结果	?	result	考试结果出来了。
结算	v	to settle accounts; checkout	购物后可以自动结算。
结论	?	conclusion	我想了解结论。
结账	v	to pay the bill	服务员，我们结账。
给	prep	to; for; to give	我给妈妈打电话。
给予	v	to give; provide	老师给予了我很多帮助。
络绎不绝	?	in an endless stream	游客络绎不绝地来到这里。
绝对	?	absolutely; absolute	我绝对同意。
绝望	v	to despair; hopeless	不要因为失败而绝望。
统统	?	all; completely	这些书我统统看过。
统计	v	to count; statistics	我们正在统计人数。
继承	v	to inherit; carry on	年轻人要继承优秀传统。
继续	v	to continue	请继续说。
绳子	?	rope	这是我的绳子。
维护	v	to maintain; protect	我们要维护自己的权利。
维持	v	to maintain; keep	我们要维持正常秩序。
维生素	?	vitamin	水果含有丰富维生素。
综合	v	to synthesize; comprehensive	我们要综合考虑。
绿	a	green	这件衣服是绿的。
绿色	a	green	我喜欢绿色。
缓和	v	to ease; relax; become less tense	气氛慢慢缓和了。
缓解	v	to ease; alleviate	休息可以缓解压力。
编织	v	to weave; knit	奶奶正在编织毛衣。
编辑	?	editor	他是一名编辑。
缘故	?	reason; cause	他没来的缘故我不知道。
缠绕	v	to wind around; entangle	绳子缠绕在树上。
缩短	v	to shorten	这样可以缩短时间。
缴纳	v	to pay; hand in	请按时缴纳费用。
缺乏	v	to lack	这个计划缺乏经验。
缺口	?	gap; opening; shortage	墙上有一个缺口。
缺少	v	to lack	我最近缺少时间。
缺席	v	to be absent	他今天缺席会议。
缺点	?	shortcoming; weakness	每个人都有缺点。
缺陷	?	defect; flaw	这个设计有一个缺陷。
罐	?	can; tin; jar	我买了一罐茶。
网上	?	online; on the Internet	我在网上看电影。
网球	?	tennis	我喜欢打网球。
网球场	?	tennis court	他在网球场打网球。
网站	?	website	这个网站很有用。
网络	?	network; internet	我想了解网络。
网购	v	to shop online	我有时在网上网购。
罕见	?	rare; seldom seen	这是一次罕见的机会。
罪犯	?	criminal	警方抓住了罪犯。
羊	?	sheep; goat	草原上有很多羊。
羊肉	?	mutton; lamb	我喜欢吃羊肉。
美丽	a	beautiful	这里很美丽。
美国	?	the United States	她去美国。
美好	a	beautiful; wonderful	生活很美好。
美妙	?	wonderful; beautiful	这段音乐很美妙。
美景	?	beautiful scenery	这里有很多美景。
美术	?	fine arts	我想了解美术。
美满	a	happy; satisfactory	他们有一个美满的家庭。
美观	a	beautiful; pleasing to the eye	这个设计简单又美观。
羡慕	v	to envy; to admire	我很羡慕他。
群	?	group; flock	一个群
群众	?	the public; masses	很多群众来参加活动。
羽毛球	?	badminton	我喜欢打羽毛球。
羽绒服	?	down jacket	冬天我常穿羽绒服。
翅膀	?	wing	我想了解翅膀。
翘	v	to raise; stick up	小猫把尾巴翘起来。
翻	v	to turn over	请翻到下一页。
翻天覆地	?	earth-shaking; tremendous	这个城市发生了翻天覆地的变化。
翻译	?	translator; to translate	请翻译这篇文章。
翼	?	wing	鸟展开双翼飞走了。
耀眼	?	dazzling; bright	阳光十分耀眼。
老	a	old; aged	我爷爷年纪大了。
老人	?	elderly person	这位老人住在附近。
老公	?	husband	她老公是老师。
老婆	?	wife	他老婆是老师。
老实	a	honest	他很老实。
老师	?	teacher	她是老师。
老板	?	boss	老板今天不在公司。
老百姓	?	ordinary people	他是一名老百姓。
老虎	?	tiger	那是一只老虎。
考	v	to take an exam; test	我明天考中文。
考古	?	archaeology	他大学学的是考古。
考察	v	to investigate; inspect	专家去当地考察。
考核	v	to assess; evaluation	公司每年考核员工。
考虑	v	to consider	我会考虑这个问题。
考试	?	exam; to take an exam	明天有考试。
考验	?	test; trial	这次任务是一个考验。
而	conj	while; yet	他喜欢茶，而我喜欢咖啡。
而且	conj	and; moreover; but also	他会中文，而且会英文。
而已	part	only; merely; that's all	我只是问问而已。
耍	v	to play; use; show off	孩子们在院子里耍。
耐心	?	patience; patient	他很耐心。
耐用	?	durable	这个杯子很耐用。
耕地	?	farmland; cultivated land	这里的耕地面积不大。
耗费	v	to consume; spend	这项工作耗费了很多时间。
耳朵	?	ear; ears	我的耳朵有点儿疼。
耳机	?	earphones; headphones	我的耳机在哪儿？
耸	v	to shrug; rise high	他耸了耸肩。
耽误	v	to delay	别耽误时间。
聊	v	to chat; talk about	我们聊一会儿吧。
聊天儿	v	to chat	我喜欢跟朋友聊天儿。
聋哑	?	deaf and mute	学校为聋哑儿童提供帮助。
职业	?	occupation; profession	你的职业是什么？
职位	?	position; post	这个职位很适合你。
职务	?	post; duty; position	他担任重要职务。
职能	?	function; duty	这个部门的职能很明确。
联合	v	to unite; joint	两家公司联合举办活动。
联想	v	to associate; imagine	看到雪，我会联想到冬天。
联欢	v	to celebrate together; party	春节大家一起联欢。
联系	v	to contact	我会联系朋友。
联络	v	to contact; get in touch	有事请及时联络我。
聚	v	to gather	星期天我们聚一聚。
聚会	?	party; get-together	我们周末聚会。
聚精会神	v	to concentrate fully	学生聚精会神地听课。
聚餐	v	to dine together	星期天我们聚餐。
聪明	a	smart; clever	这个孩子很聪明。
肆无忌惮	?	reckless; without restraint	不能肆无忌惮地伤害别人。
肉	?	meat	我喜欢吃肉。
肌肉	?	muscle	我想了解肌肉。
肖像	?	portrait	墙上挂着他的肖像。
肚子	?	belly; stomach	我的肚子有点儿不舒服。
股东	?	shareholder	他是这家公司的股东。
股份	?	share; stock	他拥有公司的部分股份。
肥沃	?	fertile	这片土地很肥沃。
肥皂	?	soap	我想了解肥皂。
肩膀	?	shoulder	我的肩膀有点儿疼。
肯定	adv	certainly; definite	他肯定会来。
肺	?	lung	吸烟对肺不好。
肿瘤	?	tumor	医生发现了一个肿瘤。
胃	?	stomach	我的胃有点儿不舒服。
胃口	?	appetite	我今天胃口很好。
胆小鬼	?	coward	他是一名胆小鬼。
胆怯	?	timid; fearful	他第一次上台有些胆怯。
背	v	to carry on the back	背书包
背叛	v	to betray	他背叛了朋友。
背景	?	background	我想了解背景。
背诵	v	to recite from memory	老师让我们背诵课文。
胖	a	fat; overweight	我最近胖了。
胜利	?	victory; to win	我们终于胜利了。
胜负	?	victory or defeat; outcome	比赛总有胜负。
胡乱	?	carelessly; at random	别胡乱吃药。
胡同	?	alley; lane	北京有很多老胡同。
胡说	v	to talk nonsense	别胡说。
胡须	?	beard; mustache	他留着短胡须。
胳膊	?	arm	我的胳膊有点儿不舒服。
胸	?	chest	我的胸有点儿疼。
胸怀	?	mind; breadth of mind	他胸怀宽广。
胸膛	?	chest	他挺起胸膛向前走。
能	mv	can; may; be able to	我能坐这儿吗？
能力	?	ability; competence	他的工作能力很强。
能否	?	whether one can	能否帮我一下？
能干	?	capable	他很能干。
能源	?	energy resource	我想了解能源。
能量	?	energy	早餐给身体提供能量。
脂肪	a	fat	这种食物脂肪很多。
脆弱	?	fragile; weak	玻璃很脆弱。
脏	a	dirty	衣服很脏。
脑袋	?	head	我的脑袋有点儿疼。
脖子	?	neck	我的脖子有点儿疼。
脚	?	foot	我的脚有点儿疼。
脱	v	to take off	进屋以后请脱鞋。
脱离	v	to separate from; break away from	工作不能脱离实际。
脸	?	face	她的脸红了。
脾气	?	temper; disposition	他的脾气很好。
腐败	?	corrupt; corruption	政府严厉打击腐败。
腥	?	fishy-smelling	这条鱼有点儿腥。
腰	?	waist	我的腰有点儿疼。
腹泻	?	diarrhea	吃坏东西可能引起腹泻。
腿	?	leg	我的腿有点儿疼。
膝盖	?	knee	我的膝盖有点儿疼。
臂	?	arm	他抬起右臂。
自主	?	independent; autonomous; on one's own	学生可以自主选择课程。
自习	v	to study by oneself	我晚上在教室自习。
自从	?	ever since	自从来北京以后，我每天学汉语。
自信	?	self-confident; confidence	他很自信。
自力更生	v	to rely on oneself	我们要学会自力更生。
自动	?	automatically; automatic	门会自动打开。
自发	?	spontaneous; voluntarily	大家自发来帮助老人。
自己	pron	oneself; self	我自己做饭。
自愿	v	to volunteer; willingly	他自愿参加活动。
自我	?	self; oneself	请做一下自我介绍。
自杀	v	to commit suicide	新闻报道了一起自杀事件。
自然	?	naturally; natural	别紧张，自然一点儿。
自由	?	freedom; free	我喜欢自由的生活。
自私	?	selfish	他很自私。
自行车	?	bicycle	这是我的自行车。
自觉	?	self-motivated; conscious	他很自觉。
自豪	?	proud	他很自豪。
至于	?	as for	至于价格，我们以后再谈。
至今	?	up to now	这件事我至今还记得。
至少	?	at least	至少要等十分钟。
致使	v	to cause; lead to	大雨致使比赛取消。
致力	v	to devote oneself to	她致力于教育工作。
舅舅	?	maternal uncle	他是一名舅舅。
舆论	?	public opinion	这件事引起了舆论关注。
舌头	?	tongue	他不小心咬了舌头。
舍不得	v	to be reluctant to part with	我舍不得离开这里。
舒服	a	comfortable; well	这把椅子很舒服。
舒畅	a	comfortable; relaxed	运动后我心情很舒畅。
舒适	a	comfortable	这个房间很舒适。
舔	v	to lick	小狗在舔水。
舟	?	boat	小舟在河上慢慢前进。
航班	?	flight	我的航班是下午三点。
航空	?	aviation	他在航空公司工作。
舱	?	cabin; compartment	乘客已经进入机舱。
船	?	boat; ship	我们坐船去。
良好	a	good; fine	他们关系良好。
良心	?	conscience	做人要有良心。
艰巨	?	arduous; difficult	这是一个艰巨的任务。
艰苦	a	hard; difficult	这里的生活很艰苦。
艰难	a	difficult; hard	这是一段艰难的时期。
色彩	?	color	我想了解色彩。
艺术	?	art	我喜欢中国艺术。
节	mw	section; measure word	今天有两节课。
节制	v	to restrain; moderate	饮食要有节制。
节奏	?	rhythm; pace	这首歌节奏很快。
节日	?	festival; holiday	春节是重要的节日。
节目	?	program; show	这个电视节目很有意思。
节省	v	to save; economize	节省时间
节约	v	to save; economize	我们要节约时间。
节食	v	to diet	他正在节食。
花	?	flower	我喜欢这些花。
花园	?	garden	小区里有一个花园。
花瓣	?	petal	地上落了很多花瓣。
苗条	?	slim	他很苗条。
若干	a	several; a number of	我们讨论了若干问题。
苦	?	bitter	这个药很苦。
苦尽甘来	?	after suffering comes happiness	努力多年后，他终于苦尽甘来。
苦涩	?	bitter; painful	这杯咖啡有点儿苦涩。
英俊	a	handsome	他很英俊。
英勇	?	brave; heroic	消防员表现得很英勇。
英明	?	wise; brilliant	这是一个英明的决定。
英雄	?	hero	他是大家心中的英雄。
苹果	?	apple	我买了三个苹果。
茂盛	?	lush; flourishing	院子里的植物长得很茂盛。
范围	?	scope; range	我想了解范围。
茎	?	stem	这株植物的茎很细。
茫然	?	blank; at a loss	听到问题，他一脸茫然。
茫茫	?	vast; boundless	眼前是一片茫茫大海。
茶	?	tea	我想喝茶。
茶叶	?	tea leaves	这是中国茶叶。
草	?	grass	公园里的草很绿。
草原	?	grassland; prairie	草原很大。
草地	?	grass; lawn	孩子们在草地上玩。
草率	?	careless; hasty	这个决定太草率了。
荒凉	?	desolate; barren	这里过去十分荒凉。
荒唐	?	absurd; ridiculous	这个想法太荒唐了。
荒谬	?	absurd; ridiculous	这个说法太荒谬了。
荣幸	?	honored; an honor	认识您是我的荣幸。
荣誉	?	honor; reputation	这是很大的荣誉。
荤	?	meat or fish dishes	他今天不吃荤。
药	?	medicine	我吃药了。
药店	?	pharmacy	我去药店买药。
莫名其妙	?	puzzling; inexplicable	他突然生气，让我莫名其妙。
获得	v	to obtain; gain	他获得了帮助。
菜	?	dish; vegetable	我喜欢中国菜。
菜单	?	menu	请给我看菜单。
萌芽	v	to sprout; begin to develop	新的想法开始萌芽。
营业	v	to operate; do business	这家店九点开始营业。
营养	?	nutrition	我想了解营养。
落后	v	to fall behind	他正在落后。
落实	v	to implement; put into practice	计划已经落实了。
著作	?	work; book; writings	这是他的代表著作。
著名	a	famous; well-known	这个地方很著名。
葡萄	?	grape	我喜欢吃葡萄。
蓝	a	blue	我喜欢蓝色。
蔑视	v	to despise; look down on	不要蔑视别人。
蔓延	v	to spread	大火迅速蔓延。
蔚蓝	?	deep blue; azure	天空一片蔚蓝。
蔬菜	?	vegetable	我喜欢吃蔬菜。
蕴藏	v	to contain; hold in store	这本书蕴藏着很多智慧。
薄	a	thin	这本书很薄。
薄弱	a	weak	我的听力比较薄弱。
虐待	v	to abuse; mistreat	不能虐待动物。
虚伪	?	hypocritical; false	我不喜欢虚伪的人。
虚假	a	false; fake	不要传播虚假消息。
虚心	?	open-minded; modest	虚心学习
虚拟	?	virtual	这是一个虚拟世界。
虚荣	?	vanity	不要为了虚荣花太多钱。
虽然	conj	although; though	虽然很冷，但是我去跑步。
蚂蚁	?	ant	地上有很多蚂蚁。
蛋白质	?	protein	鸡蛋含有蛋白质。
蛋糕	?	cake	生日要吃蛋糕。
蜡烛	?	candle	桌上点着一支蜡烛。
蝴蝶	?	butterfly	花园里有很多蝴蝶。
融化	v	to melt	冰开始融化了。
融合	v	to integrate; blend	技术正在与生活融合。
融洽	?	harmonious; on good terms	他们相处得很融洽。
血压	?	blood pressure	医生给我量了血压。
行	v	to be OK; all right	这样做行吗？
行业	?	industry; profession	我想了解行业。
行为	?	behavior	我想了解行为。
行人	?	pedestrian	他是一名行人。
行列	?	ranks; group	他加入了志愿者行列。
行动	?	action; to act	我们现在就行动。
行李	?	luggage	我的行李很重。
行李箱	?	suitcase	行李箱在门边。
街	?	street	我家在这条街上。
衣服	?	clothes	她买了很多衣服。
衣裳	?	clothes	她买了几件新衣裳。
补充	v	to supplement; replenish	我再补充一点儿。
表	?	form; table; chart	请看这个表。
表彰	v	to commend; honor	学校表彰了优秀学生。
表情	?	facial expression	我想了解表情。
表扬	v	to praise	老师表扬了他。
表明	v	to indicate; to show	表明态度
表格	?	form; table	请填写这个表格。
表演	v	to perform; performance	他们正在表演。
表现	v	to show; performance	他今天表现得很好。
表示	v	to express; indicate	我想表示感谢。
表达	v	to express	表达感谢
表面	?	surface	桌子表面很干净。
衬托	v	to set off; highlight	白云衬托着蓝天。
衬衫	?	shirt	这件衬衫很好看。
衰老	v	to age; aging	运动可以减慢衰老。
衰退	v	to decline; weaken	他的体力开始衰退。
衷心	?	heartfelt; sincerely	我衷心感谢大家。
袋子	?	bag	东西在袋子里。
袜子	?	socks	我买了一双袜子。
被	prep	passive marker; by	我的书被他拿走了。
被动	?	passive; in a passive position	不要总处在被动状态。
被子	?	quilt	被子在床上。
袭击	v	to attack	暴风雨袭击了这座城市。
裁判	?	referee; judge	裁判吹响了哨子。
裁员	v	to lay off employees	公司决定裁员。
裁缝	?	tailor	这位裁缝手艺很好。
装	v	to load; hold	箱子里装着书。
装修	v	to decorate; renovate	他们正在装修房子。
装卸	v	to load and unload; assemble and disassemble	这个设备可以方便装卸。
装备	?	equipment; to equip	队员准备好了装备。
装聋装哑	v	to pretend not to hear or speak	有问题不能装聋装哑。
装饰	?	decoration; decorate	他们正在装饰房间。
裙子	?	skirt; dress	这条裙子很漂亮。
裤子	?	pants; trousers	这条裤子很漂亮。
西	?	west	学校在城市西边。
西北	?	northwest	这个城市在中国西北。
西瓜	?	watermelon	这个西瓜很大。
西红柿	?	tomato	我喜欢吃西红柿。
西边	?	west side	在西边
西餐厅	?	Western restaurant	一家西餐厅
要	v	to want to; will; need to	我要去北京。
要不	?	otherwise; or else	快点儿，要不就迟到了。
要命	?	terribly; extremely; deadly	今天热得要命。
要是	conj	if	要是下雨，我们就不去。
要求	?	requirement; to require	老师有一个要求。
要素	?	element; factor	时间是一个重要要素。
覆盖	v	to cover	大雪覆盖了山顶。
见	v	to see; to meet	明天见
见义勇为	v	to act bravely for a just cause	他见义勇为救了孩子。
见多识广	?	experienced and knowledgeable	爷爷见多识广，懂得很多。
见解	?	view; opinion	他对这个问题有独特见解。
见面	v	to meet	明天我们见面吧。
观众	?	audience	今天来了很多观众。
观光	v	to sightsee; sightseeing	我们去上海观光。
观察	v	to observe	请仔细观察。
观念	?	concept; mentality	我想了解观念。
观点	?	viewpoint; opinion	我想了解观点。
规划	?	plan; to plan	我在规划明年的工作。
规则	?	regular; rule	这个形状很规则。
规定	?	rule; to stipulate	这是公司的规定。
规律	?	regular pattern; regular	他的生活很规律。
规格	?	specification; standard	这两个产品规格不同。
规矩	?	rule; established practice	我想了解规矩。
规章	?	rules; regulations	学校有严格的规章。
规范	?	standard; to standardize	这个格式很规范。
视力	?	eyesight; vision	他的视力很好。
视线	?	line of sight; view	那棵树挡住了我的视线。
视野	?	field of vision; perspective	旅行可以开阔视野。
视频	?	video	我看了一个短视频。
觉得	v	to think; to feel	我觉得很好。
角度	?	angle; perspective	我想了解角度。
角色	?	role	我想了解角色。
角落	?	corner	猫躲在房间角落里。
解决	v	to solve; to resolve	我们一起解决这个问题。
解放	v	to liberate; free	机器把人从重复劳动中解放出来。
解释	v	to explain; explanation	请解释这个问题。
解除	v	to remove; relieve	误会终于解除了。
触犯	v	to violate; offend	不要触犯法律。
言论	?	remarks; speech; opinion	他的言论引起了讨论。
警告	v	to warn; warning	医生警告他不要熬夜。
警察	?	police officer	那位是警察。
警惕	v	to be alert; vigilant	我们要警惕网络骗局。
譬如	?	for example; such as	很多运动都很好，譬如游泳。
计划	?	plan; to plan	我计划明年旅行。
计算	v	to calculate	计算价格
计较	v	to haggle over; fuss about	小事不要太计较。
订	v	to order; book	订房间
认为	v	to think; to believe	我认为他说得对。
认可	v	to recognize; approve	他的努力得到了大家认可。
认定	v	to determine; believe firmly	警方认定这是一起事故。
认得	v	to recognize; know	你认得他吗？
认真	a	serious; conscientious	他学习很认真。
认识	v	to know; to recognize; to meet	我认识他。
讥笑	v	to ridicule; mock	不要讥笑别人的缺点。
讨厌	v	to dislike; annoying	我讨厌下雨天。
讨好	v	to try to please; flatter	他总想讨好老板。
讨论	v	to discuss	我们讨论一下这个问题。
让	v	to let; to ask someone to	老师让我读书。
训练	v	to train	教练正在训练运动员。
记	v	to remember; write down	请记一下这个号码。
记录	?	record; to record	记录情况
记得	v	to remember	记得带护照。
记忆	v	to remember; memory	我还记忆着那件事。
记性	?	memory	我最近记性不太好。
记者	?	journalist; reporter	他是记者。
记载	v	to record; written record	书中记载了这段历史。
讲	v	to speak; to explain; to tell	老师讲得很清楚。
讲座	?	lecture	我想了解讲座。
讲究	v	to be particular about; refined	中国人吃饭很讲究。
许可	v	to permit; permission	未经许可不能进入。
许多	a	many; a lot of	这里有许多人。
论坛	?	forum	我参加了一个教育论坛。
论证	v	to demonstrate; argument	作者用数据论证了观点。
讽刺	v	to satirize	不要讽刺别人。
设备	?	equipment; device	公司买了新设备。
设想	v	to imagine; idea; plan	请设想一下未来的生活。
设施	?	facilities	我想了解设施。
设立	v	to establish; set up	公司设立了新部门。
设置	v	to set up; establish; setting	手机可以设置密码。
设计	v	to design; design	设计房子
访问	v	to visit; interview	记者访问了那位老人。
证	?	certificate	这是我的学生证。
证件	?	ID/document; papers	请拿证件。
证实	v	to confirm; verify	调查证实了这个消息。
证据	?	proof; evidence	我们需要证据。
证明	v	to prove; proof	事实证明他是对的。
评价	v	to evaluate; evaluation	评价这个办法
评估	v	to assess; evaluate	公司正在评估这个项目。
评论	v	to comment; review	请不要随便评论别人。
识别	v	to identify; recognize	系统可以识别人脸。
诈骗	?	fraud; to defraud	网络诈骗越来越多。
词	?	word	这个词是什么意思？
词典	?	dictionary	这是我的汉语词典。
词汇	?	vocabulary	我想了解词汇。
词语	?	word; expression	这个词语是什么意思？
试	v	to try	你试一下吧。
试图	v	to attempt; try	他试图解释原因。
试衣间	?	fitting room	试衣间在哪里？
试验	?	test; experiment	我们先做一个小试验。
诗	?	poem	我喜欢读诗。
诚实	a	honest	他很诚实。
诚恳	?	sincere	他很诚恳。
诚挚	?	sincere; heartfelt	请接受我诚挚的感谢。
话题	?	topic	我想了解话题。
诞生	v	to be born; come into being	这个品牌十年前诞生。
询问	v	to inquire; ask	我向老师询问情况。
该	mv	should; ought to	我们该走了。
详细	?	detailed	这个说明很详细。
诧异	?	surprised; astonished	听到他的回答，我很诧异。
语法	?	grammar	我在学习汉语语法。
语言	?	language	我喜欢学习语言。
误会	?	misunderstanding; misunderstand	你误会我了。
误差	?	error; deviation	这个测量有一点误差。
误解	v	to misunderstand; misunderstanding	你误解我的意思了。
诱惑	?	temptation; to tempt	我很难拒绝美食的诱惑。
说	v	to speak; to say	我会说汉语。
说不定	adv	perhaps; maybe	他今晚说不定会来。
说明	v	to explain; show	请说明情况。
说明书	?	instruction manual	请先看说明书。
说服	v	to persuade	说服他
说话	v	to speak; to talk	别说话。
请	?	please; to invite	请坐。
请假	v	to ask for leave	我今天想请假。
请客	v	to treat someone; invite to a meal	今天我请客。
请教	v	to ask for advice	我想向老师请教一个问题。
请求	v	to request; request	他请求我帮助他。
请问	?	excuse me; may I ask	请问一下
诸位	?	everyone; ladies and gentlemen	诸位请安静。
读	v	to read; to read aloud	这个字怎么读？
读书	v	to read; study	我喜欢读书。
课	?	class; lesson	现在上课。
课程	?	course	这门课程很有意思。
课题	?	research topic; subject	这是我们的研究课题。
谁	pron	who; whom	她是谁？
调剂	v	to adjust; relieve monotony	运动可以调剂生活。
调动	v	to mobilize; transfer	经理调动了几个员工。
调和	v	to blend; reconcile	这几种颜色很调和。
调整	v	to adjust; adjustment	调整计划
调料	?	seasoning; condiment	做汤需要一些调料。
调查	v	to investigate; survey	我们正在调查这个问题。
调皮	?	naughty	他很调皮。
调节	v	to adjust; regulate	空调可以调节温度。
谈	v	to talk; discuss	我们谈谈工作吧。
谋求	v	to seek; pursue	公司正在谋求发展。
谢绝	v	to decline; refuse politely	这里谢绝吸烟。
谢谢	?	thank you; thanks	谢谢你。
谦虚	?	modest	他很谦虚。
谨慎	?	cautious	做事要谨慎。
谴责	v	to condemn	大家谴责这种行为。
豪华	?	luxurious	豪华酒店
豪迈	?	bold and heroic	他的歌声很豪迈。
贝壳	?	shell	孩子在海边捡贝壳。
负担	?	burden; to bear	房租给他带来很大负担。
负责	v	to be responsible for	我负责这个工作。
贡献	?	contribution; contribute	他为社会做了很多贡献。
财产	?	property; fortune	我想了解财产。
财务	?	finance; financial affairs	她负责公司的财务。
财富	?	wealth	健康是一种财富。
责任	?	responsibility; duty	这是我的责任。
责备	v	to blame	别责备孩子。
责怪	v	to blame	别责怪孩子，他不是故意的。
贤惠	?	virtuous; capable and kind	她很贤惠，会照顾家人。
败坏	v	to ruin; corrupt	谣言会败坏一个人的名誉。
货	?	goods	你的货到了。
质量	?	quality	这个质量很好。
贩卖	v	to sell; traffic	禁止贩卖毒品。
贪婪	?	greedy	贪婪会让人失去理性。
贪污	v	to embezzle; corruption	他因贪污被调查。
贫乏	a	poor; lacking	这里水资源比较贫乏。
贫困	a	poor; poverty	他出生在贫困家庭。
购买	v	to purchase; buy	我想购买机票。
购物	v	to shop	我喜欢网上购物。
贵	a	expensive	这个手表太贵了。
贵族	?	noble; aristocrat	故事里的主人公出身贵族。
费	?	fee; cost	这个费不高。
贿赂	v	to bribe; bribe	不能用钱贿赂别人。
资产	?	assets; property	公司资产增加了。
资料	?	data; material	我想了解资料。
资本	?	capital	创业需要一定资本。
资格	?	qualification	我想了解资格。
资深	?	senior; experienced	他是一位资深记者。
资源	?	resources	我想了解资源。
资金	?	funds; capital	我想了解资金。
赋予	v	to give; endow	法律赋予我们权利。
赌博	v	to gamble; gambling	赌博可能让人失去很多钱。
赔偿	v	to compensate	公司会赔偿损失。
赚	v	to earn	他想多赚钱。
赞叹	v	to admire; praise	大家赞叹这里的美景。
赞成	v	to approve; agree with	我赞成这个办法。
赞美	v	to praise	大家都赞美这里的景色。
赠送	v	to give as a gift	朋友赠送我一本书。
赢	v	to win	我们比赛赢了。
赤道	?	equator	赤道附近气候炎热。
走	v	to walk; to leave	我走路去学校。
走廊	?	corridor; hallway	教室外面有一条走廊。
走漏	v	to leak; let out	消息已经走漏了。
走路	v	to walk	我走路去学校。
赶	v	to hurry; rush for	快点儿，赶时间。
赶快	adv	quickly; at once	快下雨了，赶快回家。
赶紧	?	at once; quickly	快下雨了，赶紧回家。
起	?	case; instance	一个起
起伏	v	to rise and fall; fluctuation	山路起伏很大。
起初	?	at first; initially	起初我不习惯这里的生活。
起哄	v	to stir up a fuss; heckle	别跟着别人起哄。
起床	v	to get up	我六点起床。
起来	v	to get up; directional/result complement	请站起来。
起源	?	origin; beginning	这个节日的起源很早。
起码	?	at least	你起码要告诉我一声。
起飞	v	to take off (aircraft)	飞机十点起飞。
趁	v	to take advantage of; while	趁现在有时间，快去吧。
超市	?	supermarket	我去超市买东西。
超越	v	to surpass; go beyond	他希望超越自己。
超过	v	to exceed; surpass	人数超过一百。
越	?	the more...; increasingly	天气越来越冷。
越……越……	?	the more...the more...	中文越学越有意思。
越来越	?	more and more	天气越来越冷了。
趋势	?	trend	我想了解趋势。
趟	?	trip; time (round trip)	我去了一趟银行。
趣味	?	interest; fun	这本书很有趣味。
足以	?	enough to; sufficient to	这些证据足以说明问题。
足球	?	football; soccer	我喜欢踢足球。
足球场	?	football field	他们在足球场踢足球。
趴	v	to lie face down; lean over	猫趴在窗台上。
跌	v	to fall; drop	他不小心跌了一跤。
跑	v	to run	我每天跑步。
跑步	v	to run; to jog	我每天跑步。
距离	?	distance	这里距离学校很近。
跟	?	with; and; to follow	我跟朋友一起去。
跟前	?	in front of; near someone	孩子跑到妈妈跟前。
跟踪	v	to track; follow	系统可以跟踪车辆。
跟随	v	to follow	小鸡跟随母鸡走。
跨	v	to step across; cross; span	他跨过了那条小河。
跪	v	to kneel	他跪下来系鞋带。
路	?	road; way	这条路很长。
路上	?	on the road; on the way	我在路上。
路口	?	intersection; crossing	前面有一个路口。
跳	v	to jump	孩子跳了一下。
跳舞	v	to dance	她喜欢跳舞。
跳跃	v	to jump; leap	小动物在草地上跳跃。
踊跃	?	enthusiastic; eagerly	大家踊跃报名参加。
踏实	?	steady; at ease	事情办完以后我才踏实。
踢	v	to kick	我喜欢踢足球。
踢足球	v	to play football/soccer	我喜欢踢足球。
踩	v	to step on	不要踩草地。
踪迹	?	trace; whereabouts	警方找到了他的踪迹。
蹦	v	to jump; bounce	孩子高兴得蹦了起来。
蹬	v	to kick; push with the foot	他用脚蹬了一下门。
蹲	v	to squat	请蹲下来。
身	mw	body; measure word for clothes	一身衣服。
身份	?	identity	我想了解身份。
身份证	?	ID card	请拿身份证。
身体	?	body; health	你身体怎么样？
身后	?	behind someone	他站在我身后。
身材	?	figure; build	我想了解身材。
身边	?	at one’s side; around someone	朋友都在我身边。
身高	?	height	你的身高是多少？
躺	v	to lie down	他躺在床上休息。
车	?	car; vehicle	他会开车。
车站	?	station; bus stop	车站在前面。
轨道	?	track; orbit	火车沿着轨道前进。
转	v	to turn; transfer	到路口往左转。
转变	v	to transform; change	他的态度转变了。
转移	v	to transfer; shift	他把注意力转移到工作上。
转达	v	to pass on; convey	请转达我的问候。
轮	v	to take turns	他正在轮。
轮廓	?	outline; contour	远处能看见山的轮廓。
轮流	v	to take turns	我们轮流回答问题。
轰动	v	to cause a sensation	这个消息轰动了全城。
轻	a	light (not heavy)	这个包很轻。
轻易	?	easily; lightly	不要轻易放弃。
轻松	?	relaxed; easy	这个工作很轻松。
轻视	v	to look down on	不要轻视任何人。
较	?	comparatively; relatively	今天较冷。
较量	v	to compete; contest	两支强队正在较量。
辅助	v	to assist; auxiliary	这个工具可以辅助学习。
辆	mw	measure word for vehicles	我家有一辆车。
辉煌	?	glorious; splendid	公司曾经有过辉煌时期。
输	v	to lose; be defeated	我们比赛输了。
输入	v	to input	请先输入密码。
辛勤	?	hardworking; diligent	农民辛勤地劳动。
辛苦	a	hard; tiring	这个工作很辛苦。
辜负	v	to let down; fail to live up to	我不想辜负父母的期望。
辞职	v	to resign	他决定辞职。
辣	?	spicy; hot	这个菜很辣。
辨认	v	to recognize; identify	我辨认出了照片中的人。
辩解	v	to defend oneself; explain	他没有为自己辩解。
辩论	v	to debate	辩论这个问题
辫子	?	braid; plait	她扎着两条辫子。
边	?	side	左边
边境	?	border	他们住在边境地区。
边缘	?	edge; margin	杯子放在桌子边缘。
辽阔	?	vast; extensive	中国地域辽阔。
达到	v	to reach; attain	达到目标
达成	v	to reach; achieve (agreement/goal)	双方终于达成了协议。
迁就	v	to accommodate; give in to	父母不能总迁就孩子。
迁徙	v	to migrate; move	很多鸟冬天会迁徙。
迄今为止	?	so far; up to now	迄今为止，一切顺利。
迅速	?	rapid; quick	他进步得很迅速。
过	part	to spend; to pass (time)	我在北京过生日。
过于	adv	too; excessively	你不用过于担心。
过分	?	excessive	这样做有点儿过分。
过去	?	past; formerly; to go over	过去这里很安静。
过失	?	fault; negligence	这是我的过失。
过年	v	to celebrate Spring Festival	我们回家过年。
过度	?	excessive; over-	不要过度工作。
过来	v	to come over	请过来。
过滤	v	to filter	这个设备可以过滤水。
过瘾	?	satisfying; enjoyable	这场比赛看得真过瘾。
过程	?	process	学习是一个过程。
过节	v	to celebrate a festival	春节我们回家过节。
过问	v	to inquire about; concern oneself with	他很少过问公司的小事。
迈	v	to step; stride	他迈出第一步。
迎接	v	to welcome; greet	我们去机场迎接朋友。
迎面	?	head-on; toward one's face	一阵风迎面吹来。
运	v	to carry; transport	他们把书运上楼。
运动	?	sport; to exercise	我喜欢运动。
运动会	?	sports meet	学校明天开运动会。
运动员	?	athlete	他是一名运动员。
运气	?	luck	我想了解运气。
运用	v	to apply; use	运用这个方法
运算	?	calculation; to calculate	电脑可以快速运算。
运行	v	to operate; run	系统运行正常。
运输	v	to transport	卡车负责运输货物。
近	?	near; close	我家离公司很近。
近代	?	modern times	我想了解近代。
近来	adv	recently; lately	近来我工作很忙。
还	adv	still; also; fairly	这个菜还不错。
还原	v	to restore; reconstruct	照片可以还原当时的场景。
还可以	?	fairly good; okay	味道还可以
还是	conj	or; still	你喝茶还是咖啡？
这	pron	this	这是什么？
这个	pron	this; this one	这个很好
这么	pron	so; like this	今天这么冷。
这些	pron	these	这些是苹果。
这儿	pron	here	我能坐这儿吗？
这样	pron	like this; this way	这样很好。
这边	adv	here; this side	请来这边。
这里	pron	here	这里很安静。
进	v	to enter; to come/go in	请进。
进入	v	to enter	请进入教室。
进化	v	to evolve; evolution	生物会不断进化。
进去	v	to go in	请进去。
进展	?	progress	项目进展很顺利。
进攻	v	to attack; offense	球队开始进攻。
进来	v	to come in	请进来。
进步	v	to make progress	他的汉语进步很快。
进而	?	and then; further	我们先了解情况，进而解决问题。
进行	v	to carry out; conduct	我们正在进行调查。
远	?	far	机场很远。
违反	v	to violate	不要违反规定。
违背	v	to violate; go against	这样做违背规定。
连	?	even	他连这个字都不认识。
连同	?	together with; including	请把书连同笔记一起给我。
连年	?	year after year; successive years	这里连年丰收。
连忙	?	promptly	他连忙说对不起。
连续	v	to be continuous	他连续工作了三天。
连锁	?	chain; linked	这件事引起了连锁反应。
迟到	v	to be late	上课不要迟到。
迟早	?	sooner or later	他迟早会明白的。
迟疑	v	to hesitate	他迟疑了一下才回答。
迟缓	a	slow; delayed	老人走路比较迟缓。
迟钝	a	slow; insensitive	他今天反应有点儿迟钝。
迫不及待	?	unable to wait; eager	我迫不及待地想看结果。
迫切	?	urgent; pressing	我们有迫切的需要。
迫害	v	to persecute	历史上有人因思想受到迫害。
迷人	?	charming; attractive	这里的夜景很迷人。
迷信	?	superstition; to be superstitious	不要迷信所谓的成功秘诀。
迷惑	v	to confuse; puzzle	这个问题让我很迷惑。
迷路	v	to get lost	我在这儿迷路了。
迸发	v	to burst forth	人群中迸发出掌声。
追	v	to chase; go after	孩子在后面追妈妈。
追求	v	to pursue	每个人都在追求幸福。
追究	v	to investigate; hold responsible	公司会追究责任。
退休	v	to retire	他正在退休。
送	v	to give; to send	我送你一本书。
送行	v	to see someone off	我们去机场给他送行。
适合	v	to suit; to fit	这个工作很适合我。
适宜	?	suitable; appropriate	这个温度很适宜。
适应	v	to adapt; get used to	我已经适应这里的生活了。
逃	v	to escape	小偷逃走了。
逃避	v	to avoid; escape	不要逃避问题。
逆行	v	to go against the permitted direction	这条路不能逆行。
选	v	to choose; select	你选哪个？
选手	?	contestant; athlete	这位选手跑得很快。
选拔	v	to select; choose	学校正在选拔运动员。
选择	v	to choose; choice	你可以自己选择。
选课	v	to select courses	我今天要选课。
透明	?	transparent	这块玻璃很透明。
透露	v	to reveal; disclose	他没有透露具体原因。
逐年	?	year by year	游客数量逐年增加。
逐步	?	gradually; step by step	我们逐步解决问题。
逐渐	?	gradually	天气逐渐变暖了。
递	v	to hand; to pass	请把书递给我。
递增	v	to increase progressively	费用正在逐年递增。
途径	?	way; approach	学习语言有很多途径。
逗	v	to amuse; tease	逗孩子
通	v	to understand; get through; be connected	我跟他说不通。
通俗	?	easy to understand; popular	老师用通俗的语言解释。
通常	adv	usually	我通常七点起床。
通用	?	commonly used; universal	英语是一种国际通用语言。
通知	v	to inform; notice	请通知大家。
通缉	v	to issue a wanted notice; hunt for	警方正在通缉那名逃犯。
通货膨胀	?	inflation	通货膨胀会影响物价。
通过	prep	through; to pass	我通过了考试。
逛	v	to stroll; to roam	我们去逛商店吧。
速度	?	speed	他的速度很快。
造型	?	shape; design	这个杯子的造型很特别。
造成	v	to cause	这个错误造成了损失。
逢	v	to meet; whenever	每逢周末，这里都很热闹。
逮捕	v	to arrest	警方逮捕了嫌疑人。
逻辑	?	logic	我想了解逻辑。
逼迫	v	to force; compel	不要逼迫孩子做决定。
遇到	v	to meet; to run into	我在路上遇到老师。
遇见	v	to meet; run into	我昨天遇见老师了。
遍	?	time (from beginning to end)	请再读一遍。
遍布	v	to spread all over	这种植物遍布全国。
遏制	v	to restrain; curb	我们要遏制浪费。
道	mw	measure word for dishes; courses	一道菜。
道德	?	morality; ethics	我想了解道德。
道歉	v	to apologize	我向朋友道歉了。
道理	?	principle; reason	我想了解道理。
遗产	?	heritage; inheritance	这是重要的文化遗产。
遗传	v	to inherit; heredity	有些疾病会遗传。
遗憾	?	regretful; regret	他很遗憾。
遗留	v	to leave behind; pass down	这个问题是历史遗留的。
遥控	?	remote control; to control remotely	我用手机遥控设备。
遥远	?	distant; remote	那个地方很遥远。
遭受	v	to suffer; undergo	这里遭受了暴雨。
遭遇	v	to encounter; experience	他们在路上遭遇暴风雨。
遮挡	v	to block; cover	树叶遮挡了阳光。
遵守	v	to obey; observe	遵守规定
遵循	v	to follow; observe	我们要遵循规则。
避免	v	to prevent; to avoid	避免错误
邀请	v	to invite	我邀请朋友来家里。
那	pron	that	那是什么？
那个	pron	that; that one	那个男生是我朋友。
那么	pron	like that; so	那么，我们走吧。
那些	pron	those	那些是我的书。
那儿	pron	there	小猫在那儿。
那样	pron	like that; that way	不要那样做。
那边	?	over there	商店在那边。
那里	pron	there	图书馆在那里。
邮件	?	email; mail	我给你发邮件。
邮局	?	post office	我去邮局寄信。
邮箱	?	email address; mailbox	这是我的邮箱。
邻居	?	neighbor	他是我的邻居。
郊区	?	suburb; outskirts	我住在郊区。
郑重	?	solemn; serious; formally	他郑重地向大家道歉。
部	?	department; division	他在国际部工作。
部位	?	part; position (of the body or object)	这个部位有点儿疼。
部分	?	part; portion	我只看了一部分。
部署	v	to deploy; arrange	警方已经部署好行动。
部门	?	department	我去过这个部门。
都	?	all; both	我们都是学生。
鄙视	v	to despise	不要鄙视别人。
配偶	?	spouse; mate	有些动物一生只有一个配偶。
配备	v	to equip; be equipped with	汽车配备了新系统。
酒	?	alcoholic drink; wine	他不喝酒。
酒吧	?	bar	晚上酒吧里人很多。
酒店	?	hotel	我去酒店。
酒窝	?	dimple	她笑起来有两个酒窝。
酒精	?	alcohol	这种饮料不含酒精。
酝酿	v	to brew; develop gradually; prepare	这个计划酝酿了很久。
酱油	?	soy sauce	做这个菜要放一点儿酱油。
酸	?	sour	这个苹果很酸。
醉	v	to be drunk	他昨天喝醉了。
醋	?	vinegar	我吃饺子喜欢加醋。
醒	v	to wake up	我早上六点醒了。
采取	v	to take; to adopt	采取措施
采用	v	to use; to adopt	采用这个方法
采访	v	to interview	记者正在采访他。
采购	v	to purchase; procurement	公司正在采购设备。
采集	v	to collect; gather	研究人员采集了水样。
释放	v	to release; set free	警方释放了他。
里	?	inside; in	学校里有商店。
里程碑	?	milestone	这是一个重要里程碑。
里边	?	inside	他在房子里边。
里面	?	inside	书在包里面。
重	a	heavy	这个包很重。
重叠	v	to overlap	两张照片重叠在一起。
重复	v	to repeat	重复一遍
重大	?	great; significant	这是一个重大决定。
重心	?	center of gravity; focus	请把身体重心放低。
重新	adv	again; once more	请重新说一遍。
重点	?	key point; focus	这是学习的重点。
重要	a	important	这个问题很重要。
重视	v	to attach importance to	我们要重视健康。
重量	?	weight	我想了解重量。
野生	?	wild	这里有很多野生动物。
量	v	to measure	量体温
金属	?	metal	这个盒子是金属做的。
金融	?	finance; financial	他在金融行业工作。
鉴于	?	in view of; considering	鉴于天气不好，活动取消。
鉴别	v	to distinguish; identify	专家可以鉴别真假。
鉴定	v	to authenticate; appraise	专家正在鉴定文物。
针对	v	to be targeted at	这个办法针对年轻人。
钓	v	to fish	他周末去钓鱼。
钙	?	calcium	牛奶含有很多钙。
钞票	?	banknote; paper money	钱包里有几张钞票。
钢铁	?	steel	我想了解钢铁。
钥匙	?	key	我在找钥匙。
钦佩	v	to admire; respect	我很钦佩他的勇气。
钱	?	money	这个多少钱？
钻研	v	to study deeply	他喜欢钻研技术问题。
铃	?	bell	下课铃响了。
铅笔	?	pencil	这是我的铅笔。
铜	?	copper	这枚硬币是铜做的。
银(子)	?	silver	这个东西是银子做的。
银行	?	bank	我去银行。
铺	v	to spread; lay	地上铺着一层雪。
销售	v	to sell; market	这家公司销售电脑。
销毁	v	to destroy; dispose of	旧文件已经销毁。
锁	?	lock; to lock	锁门
锅	?	pot; pan	这是我的锅。
锋利	?	sharp	这把刀很锋利。
错	a	wrong; incorrect	这个字写错了。
错误	?	mistake; wrong	这个答案是错误的。
错过	v	to miss; let slip	别错过时间。
锦上添花	v	to make something good even better	好的服务能锦上添花。
锲而不舍	?	persistent; never give up	学习语言要锲而不舍。
锻炼	v	to exercise	我每天锻炼身体。
镇静	?	calm; composed	遇到危险要保持镇静。
镜头	?	camera lens; shot	他把镜头对准了小猫。
镜子	?	mirror	我每天照镜子。
镶嵌	v	to inlay; set	墙上镶嵌着彩色玻璃。
长	a	long	这条路很长。
长辈	?	senior family member; elder	他是一名长辈。
长途	?	long-distance	长途汽车
门	?	door	请开门。
门口	?	doorway; entrance	在门口
门票	?	entrance ticket	我买了门票。
闪烁	v	to twinkle; flicker	星星在夜空中闪烁。
闪电	?	lightning	刚才有一道闪电。
闭塞	?	closed off; isolated	这个山村过去很闭塞。
问	v	to ask	请问，今天几号？
问世	v	to come out; be published	这本书去年问世。
问题	?	question; problem	我有一个问题。
闯	v	to venture; make one's way	年轻人想出去闯一闯。
间	mw	measure word for rooms	一间教室。
间接	?	indirect	这是间接影响。
间隔	?	interval; gap	两次会议间隔一个小时。
闹钟	?	alarm clock	我的闹钟响了。
闻	v	to smell	你闻闻这个味道。
阅读	v	to read	我喜欢阅读。
阐述	v	to explain; elaborate	请阐述你的观点。
队伍	?	team; group	这是一支年轻的队伍。
防守	v	to defend; defense	球队正在认真防守。
防御	?	defense; to defend	球队加强了防御。
防止	v	to prevent	戴口罩可以防止感染。
防治	v	to prevent and treat	我们要加强疾病防治。
阳光	?	sunshine; optimistic	今天阳光很好。
阴	?	overcast; cloudy	今天是阴天。
阴谋	?	plot; conspiracy	警方发现了这个阴谋。
阵	mw	measure word for a short spell	一阵风
阵容	?	lineup; team composition	这支队伍阵容很强。
阶层	?	social stratum; class	不同阶层的人都使用互联网。
阶段	?	stage; phase	我想了解阶段。
阻拦	v	to stop; block	没有人能阻拦他追求梦想。
阻挠	v	to obstruct	有人试图阻挠计划。
阻止	v	to stop; prevent	我们要阻止事故发生。
阻碍	v	to hinder; obstacle	堵车会阻碍交通。
阿姨	?	aunt; ma'am	阿姨做的菜很好吃。
附和	v	to echo; agree with	他只是笑着附和。
附近	?	nearby; vicinity	附近有银行吗？
陆地	?	land	船离陆地不远。
陆续	?	one after another	大家陆续到了。
陈旧	?	old-fashioned; outdated	这个观念很陈旧。
陈述	v	to state; statement	请陈述事情经过。
陌生	?	unfamiliar; strange	这个地方对我很陌生。
降	v	to fall; lower	气温降了。
降临	v	to arrive; descend	夜幕慢慢降临。
降低	v	to lower; reduce	价格降低了。
降落	v	to land; descend	飞机正在降落。
限制	v	to limit; restrict	这里限制停车时间。
陡峭	?	steep	这座山非常陡峭。
除	v	to remove	请把灰尘除掉。
除了	prep	besides; except	除了汉语，我还学英语。
除夕	?	Lunar New Year's Eve	我记得那个除夕。
除非	?	unless; only if	除非下雨，我们才不去。
陪	v	to accompany	我陪妈妈去医院。
陶瓷	?	ceramics; pottery and porcelain	中国陶瓷很有名。
陶醉	v	to be enchanted; immersed	我陶醉在美丽的音乐中。
陷入	v	to fall into; get caught in	公司陷入了危机。
隆重	?	grand; solemn	学校举行了隆重的仪式。
随便	?	casual; as you like	你随便坐。
随即	adv	immediately; then	他听完以后随即离开。
随意	?	casual; at will; freely	你可以随意选择。
随手	?	casually; conveniently	请随手关门。
随时	?	at any time	有问题随时问我。
随着	prep	along with; as	随着时间的变化，他长大了。
随身	?	with oneself	请随身带着手机。
隐患	?	hidden danger; potential risk	这个设备存在安全隐患。
隐瞒	v	to conceal; hide	他没有隐瞒事实。
隐私	?	privacy; private matter	每个人都有自己的隐私。
隐约	?	faintly; vaguely	我隐约听见有人叫我。
隐蔽	?	hidden; concealed	这个地方很隐蔽。
隔阂	?	barrier; estrangement	他们之间有一些隔阂。
障碍	?	obstacle; barrier	语言不是交流的唯一障碍。
难	a	difficult	这道题很难。
难免	?	hard to avoid	第一次做难免紧张。
难受	v	to feel unwell; uncomfortable	我今天有点儿难受。
难堪	?	embarrassed; awkward	这个问题让他很难堪。
难得	?	rare; hard to come by	今天难得有空。
难怪	?	no wonder	难怪他这么累。
难看	a	ugly; not good-looking	这张照片有点儿难看。
难能可贵	?	rare and commendable	他失败后还能坚持，难能可贵。
难过	a	sad; upset	别难过。
难道	?	used in rhetorical questions	难道你不知道吗？
难题	?	difficult problem	这是一个难题。
雄伟	?	magnificent; grand	这座山非常雄伟。
雄厚	a	strong; abundant	这家公司资金雄厚。
集中	v	to concentrate; concentrated	集中注意力
雌雄	?	male and female	这种鸟的雌雄很容易分辨。
雕刻	v	to carve; sculpture	柱子上雕刻着花纹。
雕塑	?	sculpture; to sculpt	广场中央有一座雕塑。
雨	?	rain	下雨
雨衣	?	raincoat	下雨了，穿雨衣吧。
雪	?	snow	外面有雪。
雪上加霜	v	to make a bad situation worse	他又生病了，真是雪上加霜。
零	num	zero	今天零度。
零下	?	below zero	零下十度
零星	?	scattered; sporadic	这里还有一些零星问题。
零钱	?	small change	你有零钱吗？
雷	?	thunder	外面正在打雷。
需求	?	need; demand	我们先了解客户需求。
需要	v	to need	我需要你的帮助。
震惊	v	to shock; be shocked	这个消息让我很震惊。
震撼	v	to shock; deeply move	眼前的景色让我很震撼。
霞	?	glow of clouds; rosy clouds	天边出现了美丽的晚霞。
霸道	?	overbearing; domineering	他的做法太霸道了。
青	?	greenish blue	这个苹果还是青的。
青少年	?	teenagers; young people	他是一名青少年。
非	v	to be not	这件事非他不可。
非常	adv	very; extremely	我非常喜欢中国菜。
非法	?	illegal	这是非法行为。
靠	v	to lean against; depend on	他靠着墙站。
靠拢	v	to draw close; move closer	大家向中间靠拢。
面	?	suffix forming location nouns	上面。
面临	v	to face	我们面临一个新问题。
面前	?	in front of	老师站在我面前。
面包	?	bread	早上我吃面包。
面子	?	face; prestige; reputation	他很在乎面子。
面对	v	to face	我们要勇敢面对困难。
面条	?	noodles	我想吃面条。
面条儿	?	noodles	吃面条儿
面积	?	area	我去过这个面积。
面试	?	interview; to interview	我明天有面试。
面试官	?	interviewer	面试官问了我几个问题。
面貌	?	appearance; look; face	城市面貌发生了变化。
革命	?	revolution; radical change	技术革命改变了生活。
鞋	?	shoe; shoes	这双鞋很合适。
鞭炮	?	firecrackers	我想了解鞭炮。
鞭策	v	to spur on; urge	失败鞭策我继续努力。
音乐	?	music	我喜欢听音乐。
音响	?	sound system; speaker	家里的音响很好。
页	?	page	请看第十页。
顶	v	to go against; move towards	他顶着大雨往前走。
项	mw	measure word for items	一项工作
项目	?	project; item	我想了解项目。
顺便	?	in passing; conveniently	我去商店，顺便买水。
顺利	?	smooth; smoothly	工作进行得很顺利。
顺序	?	order; sequence	请按照顺序来。
须知	?	one should know; must understand	须知健康最重要。
顽固	?	stubborn	他太顽固，不愿改变。
顽强	?	tenacious; strong-willed	他有顽强的意志。
顾客	?	customer; client	他是顾客。
顾虑	?	worry; concern	你有什么顾虑，可以直接说。
顿	mw	measure word for meals	一顿饭
顿时	adv	immediately; suddenly	听到这个消息，我顿时明白了。
颁布	v	to issue; promulgate	政府颁布了新规定。
预习	v	to preview lessons	晚上我预习明天的课。
预兆	?	sign; omen	这可能是下雨的预兆。
预先	?	in advance; beforehand	请预先准备好材料。
预报	?	forecast	天气预报
预料	v	to expect; anticipate	结果比我们预料的好。
预期	v	to expect; expected	结果比预期好。
预测	v	to predict; forecast	天气预报预测明天有雨。
预算	?	budget; to budget	旅行前要先做预算。
预言	v	to predict; prediction	他的预言实现了。
预订	v	to book; reserve	我想预订一张火车票。
预防	v	to prevent	运动可以预防一些疾病。
领会	v	to understand; grasp	我已经领会了老师的意思。
领先	v	to lead; be ahead	他目前领先两分。
领域	?	field; domain	我想了解领域。
领导	?	leader	他是一名领导。
领悟	v	to comprehend; realize	我终于领悟了他的意思。
领袖	?	leader	他是这个团队的领袖。
颇	adv	quite; rather	他颇有经验。
颈椎	?	cervical vertebrae; neck	久坐对颈椎不好。
频率	?	frequency	我运动的频率不高。
频繁	?	frequent; frequently	最近航班变化频繁。
颗	mw	measure word for small round things	一颗糖
题	?	question; exercise item	这题我会。
题材	?	subject; theme	这幅画的题材很特别。
题目	?	title; question	我想了解题目。
颜色	?	color	你喜欢什么颜色？
颠簸	v	to bump; jolt	山路很颠簸。
颤抖	v	to tremble; shake	他冷得一直颤抖。
风	?	wind	今天风很大。
风俗	?	custom	我想了解风俗。
风光	?	glorious; scenery; impressive	公司昔日很风光。
风味	?	flavor; local style	这道菜有地方风味。
风土人情	?	local customs and culture	旅行可以了解各地风土人情。
风度	?	manner; bearing; grace	他很有绅士风度。
风景	?	scenery	我想了解风景。
风暴	?	storm	海上突然来了风暴。
风气	?	general mood; social atmosphere	公司的学习风气很好。
风险	?	risk	我想了解风险。
飘	v	to float; waft	云在天上飘。
飞	v	to fly	鸟在天上飞。
飞机	?	airplane	我是坐飞机来的。
飞禽走兽	?	birds and beasts	森林里有各种飞禽走兽。
飞跃	?	leap; rapid progress	他的中文有了很大飞跃。
食堂	?	canteen; dining hall	我们去食堂吃饭。
食物	?	food	我喜欢吃食物。
餐厅	?	restaurant	我们在餐厅吃饭。
餐巾纸	?	napkin; tissue paper	请给我一张餐巾纸。
餐馆儿	?	restaurant	这家餐馆儿很干净。
饥饿	?	hunger; hungry	长时间不吃饭会感到饥饿。
饭	?	meal; cooked rice	我在吃饭。
饭店	?	restaurant; hotel	我们去饭店吃饭。
饭馆	?	restaurant	我们去饭馆吃饭。
饮料	?	drink; beverage	桌子上有很多饮料。
饮食	?	food and drink; diet	健康和饮食有很大关系。
饱	a	full (after eating)	我吃饱了。
饱和	?	saturated; full	这个市场已经接近饱和。
饱经沧桑	v	to have experienced many hardships and changes	这位老人饱经沧桑。
饲养	v	to raise; breed animals	他们饲养了几只羊。
饶恕	v	to forgive; pardon	请饶恕他的错误。
饺子	?	dumpling	我喜欢吃饺子。
饼干	?	biscuit; cookie	我喜欢吃饼干。
饿	a	hungry	我有点儿饿了。
馅儿	?	filling (of dumplings, buns, etc.)	这个月饼是什么馅儿的？
馋	?	greedy for food; craving	看见蛋糕我就馋了。
馒头	?	steamed bun	我想了解馒头。
首	mw	first; measure word for songs/poems	一首歌
首先	?	first; first of all	首先，我们看一下问题。
首要	?	most important; primary	安全是首要问题。
首都	?	capital city	北京是中国的首都。
香	?	fragrant; delicious-smelling	这个菜很香。
香蕉	?	banana	我买了香蕉。
马	?	horse	马在那儿。
马上	?	right away; immediately	我马上回来。
马虎	?	careless	他很马虎。
马路	?	road; street	马路西边
驱逐	v	to expel; drive out	他们把敌人驱逐出城。
驻扎	v	to station; be stationed	军队驻扎在城外。
驾驶	v	to drive	驾驶汽车
骂	v	to scold; curse	别骂孩子。
骄傲	?	proud; arrogant	他很骄傲。
验血	v	to have a blood test	去验血
验证	v	to verify; validate	实验验证了这个结果。
骑	v	to ride	我会骑自行车。
骗	v	to deceive	别骗我。
骚扰	v	to harass; disturb	请不要骚扰别人。
骨(头)	?	bone	我的骨头有点儿疼。
骨干	?	backbone; key member	他是公司的技术骨干。
骨折	?	fracture; to break a bone	他的脚骨折了。
高	a	tall; high	他很高。
高中	?	high school	他在高中学习。
高兴	a	happy; glad	认识你很高兴。
高峰	?	peak; high point	早上八点是交通高峰。
高明	?	brilliant; skillful	医生的技术很高明。
高档	?	high-grade	高档酒店
高涨	v	to rise; run high	大家情绪高涨。
高潮	?	climax; high point	比赛进入了高潮。
高级	?	high-level; senior	高级课程
高速公路	?	expressway; highway	我们走高速公路。
高铁	?	high-speed rail; high-speed train	我坐高铁去上海。
魄力	?	boldness; resolution	这个领导很有魄力。
魅力	?	charm	我想了解魅力。
魔术	?	magic; magic trick	孩子很喜欢看魔术。
魔鬼	?	devil; demon	故事里有一个魔鬼。
鱼	?	fish	我喜欢吃鱼。
鲜明	?	distinct; clear	这篇文章主题鲜明。
鲜艳	?	bright-colored	颜色很鲜艳。
鲜花	?	fresh flowers	我买了鲜花。
鸟	?	bird	树上有一只鸟。
鸡	?	chicken	我想吃鸡肉。
鸡蛋	?	egg	我喜欢吃鸡蛋。
鸦雀无声	?	completely silent	教室里突然鸦雀无声。
鸽子	?	pigeon; dove	广场上有很多鸽子。
麻	?	numbing; tongue-numbing	这个菜有点儿麻。
麻婆豆腐	?	Mapo tofu	我想点一份麻婆豆腐。
麻木	?	numb; insensitive	我的手冻得麻木了。
麻烦	v	to trouble; troublesome	麻烦你等一下。
麻痹	?	numb; careless; paralyzed	不能因为安全就麻痹大意。
黄	a	yellow	这双鞋是黄的。
黄昏	?	dusk; evening	黄昏时天空很美。
黄河	?	Yellow River	黄河很长。
黄色	a	yellow	我喜欢黄色。
黎明	?	dawn	黎明前最安静。
黑	a	black	他的手机是黑的。
黑板	?	blackboard	老师在黑板上写字。
黑色	a	black	我喜欢黑色。
默默	?	silently; quietly	她默默地帮助大家。
鼓动	v	to urge; encourage	朋友鼓动我参加比赛。
鼓励	v	to encourage	老师鼓励学生。
鼓掌	v	to applaud	大家一起鼓掌。
鼓舞	v	to inspire; encourage	这个消息很鼓舞人。
鼻子	?	nose	他的鼻子很高。
鼻涕	?	nasal mucus; runny nose	孩子感冒后一直流鼻涕。
齐全	?	complete; fully equipped	这里设备很齐全。
齐心协力	v	to work together with one heart	大家齐心协力完成了任务。
龙	?	dragon	中国故事里常有龙。
